;;левове;
BG311;2008I;364;
BG311;2008II;363;
BG311;2008III;363;
BG311;2008IV;369;
BG311;2008V;380;
BG311;2008VI;382;
BG311;2008VII;386;
BG311;2008VIII;383;
BG311;2008IX;424;
BG311;2008X;413;
BG311;2008XI;430;
BG311;2008XII;436;
BG311;2009I;419;
BG311;2009II;409;
BG311;2009III;416;
BG311;2009IV;432;
BG311;2009V;442;
BG311;2009VI;436;
BG311;2009VII;440;
BG311;2009VIII;447;
BG311;2009IX;466;
BG311;2009X;447;
BG311;2009XI;459;
BG311;2009XII;468;
BG311;2010I;434;
BG311;2010II;420;
BG311;2010III;423;
BG311;2010IV;443;
BG311;2010V;458;
BG311;2010VI;438;
BG311;2010VII;447;
BG311;2010VIII;429;
BG311;2010IX;450;
BG311;2010X;458;
BG311;2010XI;456;
BG311;2010XII;481;
BG311;2011I;460;
BG311;2011II;442;
BG311;2011III;446;
BG311;2011IV;460;
BG311;2011V;464;
BG311;2011VI;453;
BG311;2011VII;448;
BG311;2011VIII;456;
BG311;2011IX;475;
BG311;2011X;483;
BG311;2011XI;485;
BG311;2011XII;490;
BG311;2012I;460;
BG311;2012II;453;
BG311;2012III;467;
BG311;2012IV;489;
BG311;2012V;510;
BG311;2012VI;490;
BG311;2012VII;501;
BG311;2012VIII;506;
BG311;2012IX;507;
BG311;2012X;521;
BG311;2012XI;512;
BG311;2012XII;513;
BG311;2013I;499;
BG311;2013II;503;
BG311;2013III;514;
BG311;2013IV;518;
BG311;2013V;533;
BG311;2013VI;514;
BG311;2013VII;520;
BG311;2013VIII;514;
BG311;2013IX;518;
BG311;2013X;531;
BG311;2013XI;531;
BG311;2013XII;554;
BG311;2014I;557;
BG311;2014II;555;
BG311;2014III;566;
BG311;2014IV;574;
BG311;2014V;561;
BG311;2014VI;561;
BG311;2014VII;556;
BG311;2014VIII;552;
BG311;2014IX;557;
BG311;2014X;592;
BG311;2014XI;570;
BG311;2014XII;579;
BG311;2015I;551;
BG311;2015II;560;
BG311;2015III;577;
BG311;2015IV;595;
BG311;2015V;610;
BG311;2015VI;599;
BG311;2015VII;598;
BG311;2015VIII;582;
BG311;2015IX;597;
BG311;2015X;622;
BG311;2015XI;609;
BG311;2015XII;627;
BG311;2016I;627;
BG311;2016II;649;
BG311;2016III;640;
BG311;2016IV;683;
BG311;2016V;669;
BG311;2016VI;658;
BG311;2016VII;660;
BG311;2016VIII;648;
BG311;2016IX;670;
BG311;2016X;684;
BG311;2016XI;693;
BG311;2016XII;691;
BG311;2017I;625;
BG311;2017II;631;
BG311;2017III;649;
BG311;2017IV;668;
BG311;2017V;669;
BG311;2017VI;657;
BG311;2017VII;672;
BG311;2017VIII;652;
BG311;2017IX;672;
BG311;2017X;688;
BG311;2017XI;678;
BG311;2017XII;695;
BG311;2018I;708;
BG311;2018II;698;
BG311;2018III;723;
BG311;2018IV;755;
BG311;2018V;744;
BG311;2018VI;743;
BG311;2018VII;741;
BG311;2018VIII;737;
BG311;2018IX;763;
BG311;2018X;765;
BG311;2018XI;753;
BG311;2018XII;770;
BG311;2019I;782;
BG311;2019II;796;
BG311;2019III;809;
BG311;2019IV;828;
BG311;2019V;823;
BG311;2019VI;805;
BG311;2019VII;816;
BG311;2019VIII;801;
BG311;2019IX;814;
BG311;2019X;872;
BG311;2019XI;832;
BG311;2019XII;853;
BG311;2020I;872;
BG311;2020II;892;
BG311;2020III;858;
BG311;2020IV;891;
BG311;2020V;923;
BG311;2020VI;935;
BG311;2020VII;957;
BG311;2020VIII;920;
BG311;2020IX;956;
BG313;2008I;489;
BG313;2008II;489;
BG313;2008III;496;
BG313;2008IV;503;
BG313;2008V;506;
BG313;2008VI;535;
BG313;2008VII;538;
BG313;2008VIII;528;
BG313;2008IX;545;
BG313;2008X;601;
BG313;2008XI;539;
BG313;2008XII;636;
BG313;2009I;607;
BG313;2009II;605;
BG313;2009III;615;
BG313;2009IV;633;
BG313;2009V;662;
BG313;2009VI;638;
BG313;2009VII;639;
BG313;2009VIII;635;
BG313;2009IX;663;
BG313;2009X;672;
BG313;2009XI;665;
BG313;2009XII;675;
BG313;2010I;655;
BG313;2010II;647;
BG313;2010III;666;
BG313;2010IV;677;
BG313;2010V;712;
BG313;2010VI;701;
BG313;2010VII;707;
BG313;2010VIII;669;
BG313;2010IX;689;
BG313;2010X;698;
BG313;2010XI;708;
BG313;2010XII;757;
BG313;2011I;695;
BG313;2011II;681;
BG313;2011III;716;
BG313;2011IV;726;
BG313;2011V;776;
BG313;2011VI;717;
BG313;2011VII;712;
BG313;2011VIII;709;
BG313;2011IX;731;
BG313;2011X;792;
BG313;2011XI;734;
BG313;2011XII;750;
BG313;2012I;771;
BG313;2012II;710;
BG313;2012III;729;
BG313;2012IV;774;
BG313;2012V;781;
BG313;2012VI;761;
BG313;2012VII;748;
BG313;2012VIII;745;
BG313;2012IX;786;
BG313;2012X;791;
BG313;2012XI;760;
BG313;2012XII;791;
BG313;2013I;763;
BG313;2013II;768;
BG313;2013III;754;
BG313;2013IV;753;
BG313;2013V;814;
BG313;2013VI;788;
BG313;2013VII;747;
BG313;2013VIII;748;
BG313;2013IX;787;
BG313;2013X;804;
BG313;2013XI;804;
BG313;2013XII;829;
BG313;2014I;830;
BG313;2014II;799;
BG313;2014III;834;
BG313;2014IV;852;
BG313;2014V;899;
BG313;2014VI;809;
BG313;2014VII;819;
BG313;2014VIII;813;
BG313;2014IX;865;
BG313;2014X;888;
BG313;2014XI;833;
BG313;2014XII;888;
BG313;2015I;824;
BG313;2015II;837;
BG313;2015III;845;
BG313;2015IV;903;
BG313;2015V;924;
BG313;2015VI;864;
BG313;2015VII;869;
BG313;2015VIII;845;
BG313;2015IX;893;
BG313;2015X;895;
BG313;2015XI;878;
BG313;2015XII;930;
BG313;2016I;856;
BG313;2016II;850;
BG313;2016III;877;
BG313;2016IV;902;
BG313;2016V;929;
BG313;2016VI;873;
BG313;2016VII;871;
BG313;2016VIII;864;
BG313;2016IX;899;
BG313;2016X;937;
BG313;2016XI;948;
BG313;2016XII;1003;
BG313;2017I;888;
BG313;2017II;899;
BG313;2017III;931;
BG313;2017IV;979;
BG313;2017V;999;
BG313;2017VI;968;
BG313;2017VII;935;
BG313;2017VIII;919;
BG313;2017IX;985;
BG313;2017X;1004;
BG313;2017XI;974;
BG313;2017XII;1028;
BG313;2018I;989;
BG313;2018II;984;
BG313;2018III;1006;
BG313;2018IV;1042;
BG313;2018V;1066;
BG313;2018VI;1065;
BG313;2018VII;1020;
BG313;2018VIII;1010;
BG313;2018IX;1089;
BG313;2018X;1108;
BG313;2018XI;1079;
BG313;2018XII;1137;
BG313;2019I;1073;
BG313;2019II;1084;
BG313;2019III;1129;
BG313;2019IV;1141;
BG313;2019V;1196;
BG313;2019VI;1213;
BG313;2019VII;1136;
BG313;2019VIII;1135;
BG313;2019IX;1190;
BG313;2019X;1270;
BG313;2019XI;1287;
BG313;2019XII;1262;
BG313;2020I;1210;
BG313;2020II;1229;
BG313;2020III;1206;
BG313;2020IV;1266;
BG313;2020V;1289;
BG313;2020VI;1285;
BG313;2020VII;1238;
BG313;2020VIII;1230;
BG313;2020IX;1319;
BG315;2008I;396;
BG315;2008II;396;
BG315;2008III;415;
BG315;2008IV;418;
BG315;2008V;435;
BG315;2008VI;442;
BG315;2008VII;427;
BG315;2008VIII;436;
BG315;2008IX;457;
BG315;2008X;457;
BG315;2008XI;456;
BG315;2008XII;483;
BG315;2009I;436;
BG315;2009II;431;
BG315;2009III;440;
BG315;2009IV;461;
BG315;2009V;475;
BG315;2009VI;469;
BG315;2009VII;469;
BG315;2009VIII;464;
BG315;2009IX;492;
BG315;2009X;477;
BG315;2009XI;469;
BG315;2009XII;503;
BG315;2010I;455;
BG315;2010II;455;
BG315;2010III;476;
BG315;2010IV;491;
BG315;2010V;498;
BG315;2010VI;499;
BG315;2010VII;500;
BG315;2010VIII;483;
BG315;2010IX;506;
BG315;2010X;511;
BG315;2010XI;517;
BG315;2010XII;540;
BG315;2011I;496;
BG315;2011II;494;
BG315;2011III;507;
BG315;2011IV;518;
BG315;2011V;528;
BG315;2011VI;513;
BG315;2011VII;517;
BG315;2011VIII;513;
BG315;2011IX;535;
BG315;2011X;536;
BG315;2011XI;531;
BG315;2011XII;568;
BG315;2012I;503;
BG315;2012II;494;
BG315;2012III;515;
BG315;2012IV;534;
BG315;2012V;569;
BG315;2012VI;537;
BG315;2012VII;543;
BG315;2012VIII;539;
BG315;2012IX;562;
BG315;2012X;574;
BG315;2012XI;575;
BG315;2012XII;591;
BG315;2013I;559;
BG315;2013II;559;
BG315;2013III;587;
BG315;2013IV;578;
BG315;2013V;597;
BG315;2013VI;577;
BG315;2013VII;573;
BG315;2013VIII;577;
BG315;2013IX;593;
BG315;2013X;630;
BG315;2013XI;610;
BG315;2013XII;623;
BG315;2014I;619;
BG315;2014II;604;
BG315;2014III;619;
BG315;2014IV;646;
BG315;2014V;637;
BG315;2014VI;631;
BG315;2014VII;634;
BG315;2014VIII;619;
BG315;2014IX;640;
BG315;2014X;650;
BG315;2014XI;640;
BG315;2014XII;666;
BG315;2015I;638;
BG315;2015II;623;
BG315;2015III;654;
BG315;2015IV;652;
BG315;2015V;653;
BG315;2015VI;648;
BG315;2015VII;682;
BG315;2015VIII;667;
BG315;2015IX;679;
BG315;2015X;684;
BG315;2015XI;673;
BG315;2015XII;733;
BG315;2016I;715;
BG315;2016II;705;
BG315;2016III;728;
BG315;2016IV;730;
BG315;2016V;735;
BG315;2016VI;741;
BG315;2016VII;762;
BG315;2016VIII;740;
BG315;2016IX;780;
BG315;2016X;765;
BG315;2016XI;759;
BG315;2016XII;795;
BG315;2017I;727;
BG315;2017II;725;
BG315;2017III;770;
BG315;2017IV;770;
BG315;2017V;796;
BG315;2017VI;761;
BG315;2017VII;771;
BG315;2017VIII;754;
BG315;2017IX;791;
BG315;2017X;817;
BG315;2017XI;809;
BG315;2017XII;835;
BG315;2018I;873;
BG315;2018II;849;
BG315;2018III;877;
BG315;2018IV;899;
BG315;2018V;916;
BG315;2018VI;890;
BG315;2018VII;917;
BG315;2018VIII;894;
BG315;2018IX;908;
BG315;2018X;934;
BG315;2018XI;891;
BG315;2018XII;933;
BG315;2019I;922;
BG315;2019II;932;
BG315;2019III;966;
BG315;2019IV;971;
BG315;2019V;966;
BG315;2019VI;981;
BG315;2019VII;1000;
BG315;2019VIII;977;
BG315;2019IX;998;
BG315;2019X;1028;
BG315;2019XI;996;
BG315;2019XII;1089;
BG315;2020I;1017;
BG315;2020II;1011;
BG315;2020III;1001;
BG315;2020IV;1048;
BG315;2020V;1027;
BG315;2020VI;1049;
BG315;2020VII;1116;
BG315;2020VIII;1029;
BG315;2020IX;1115;
BG312;2008I;385;
BG312;2008II;393;
BG312;2008III;404;
BG312;2008IV;409;
BG312;2008V;413;
BG312;2008VI;410;
BG312;2008VII;417;
BG312;2008VIII;424;
BG312;2008IX;441;
BG312;2008X;443;
BG312;2008XI;456;
BG312;2008XII;471;
BG312;2009I;445;
BG312;2009II;454;
BG312;2009III;464;
BG312;2009IV;464;
BG312;2009V;473;
BG312;2009VI;468;
BG312;2009VII;466;
BG312;2009VIII;472;
BG312;2009IX;491;
BG312;2009X;486;
BG312;2009XI;498;
BG312;2009XII;499;
BG312;2010I;457;
BG312;2010II;469;
BG312;2010III;483;
BG312;2010IV;496;
BG312;2010V;506;
BG312;2010VI;499;
BG312;2010VII;503;
BG312;2010VIII;497;
BG312;2010IX;521;
BG312;2010X;510;
BG312;2010XI;521;
BG312;2010XII;530;
BG312;2011I;500;
BG312;2011II;496;
BG312;2011III;520;
BG312;2011IV;524;
BG312;2011V;525;
BG312;2011VI;519;
BG312;2011VII;518;
BG312;2011VIII;509;
BG312;2011IX;524;
BG312;2011X;527;
BG312;2011XI;535;
BG312;2011XII;556;
BG312;2012I;529;
BG312;2012II;527;
BG312;2012III;555;
BG312;2012IV;563;
BG312;2012V;573;
BG312;2012VI;575;
BG312;2012VII;623;
BG312;2012VIII;569;
BG312;2012IX;608;
BG312;2012X;592;
BG312;2012XI;583;
BG312;2012XII;608;
BG312;2013I;563;
BG312;2013II;561;
BG312;2013III;570;
BG312;2013IV;595;
BG312;2013V;575;
BG312;2013VI;562;
BG312;2013VII;584;
BG312;2013VIII;574;
BG312;2013IX;595;
BG312;2013X;599;
BG312;2013XI;604;
BG312;2013XII;611;
BG312;2014I;619;
BG312;2014II;612;
BG312;2014III;635;
BG312;2014IV;652;
BG312;2014V;641;
BG312;2014VI;628;
BG312;2014VII;649;
BG312;2014VIII;626;
BG312;2014IX;637;
BG312;2014X;666;
BG312;2014XI;659;
BG312;2014XII;682;
BG312;2015I;620;
BG312;2015II;614;
BG312;2015III;634;
BG312;2015IV;651;
BG312;2015V;650;
BG312;2015VI;642;
BG312;2015VII;660;
BG312;2015VIII;647;
BG312;2015IX;659;
BG312;2015X;675;
BG312;2015XI;686;
BG312;2015XII;725;
BG312;2016I;702;
BG312;2016II;702;
BG312;2016III;716;
BG312;2016IV;724;
BG312;2016V;719;
BG312;2016VI;714;
BG312;2016VII;759;
BG312;2016VIII;718;
BG312;2016IX;745;
BG312;2016X;756;
BG312;2016XI;766;
BG312;2016XII;772;
BG312;2017I;738;
BG312;2017II;728;
BG312;2017III;763;
BG312;2017IV;781;
BG312;2017V;767;
BG312;2017VI;763;
BG312;2017VII;772;
BG312;2017VIII;759;
BG312;2017IX;778;
BG312;2017X;788;
BG312;2017XI;790;
BG312;2017XII;788;
BG312;2018I;779;
BG312;2018II;775;
BG312;2018III;814;
BG312;2018IV;841;
BG312;2018V;827;
BG312;2018VI;812;
BG312;2018VII;817;
BG312;2018VIII;819;
BG312;2018IX;848;
BG312;2018X;890;
BG312;2018XI;875;
BG312;2018XII;928;
BG312;2019I;870;
BG312;2019II;890;
BG312;2019III;926;
BG312;2019IV;926;
BG312;2019V;918;
BG312;2019VI;903;
BG312;2019VII;911;
BG312;2019VIII;910;
BG312;2019IX;937;
BG312;2019X;972;
BG312;2019XI;957;
BG312;2019XII;986;
BG312;2020I;981;
BG312;2020II;990;
BG312;2020III;972;
BG312;2020IV;1011;
BG312;2020V;1017;
BG312;2020VI;1039;
BG312;2020VII;1051;
BG312;2020VIII;1017;
BG312;2020IX;1072;
BG314;2008I;398;
BG314;2008II;403;
BG314;2008III;421;
BG314;2008IV;422;
BG314;2008V;423;
BG314;2008VI;429;
BG314;2008VII;435;
BG314;2008VIII;443;
BG314;2008IX;466;
BG314;2008X;472;
BG314;2008XI;452;
BG314;2008XII;466;
BG314;2009I;458;
BG314;2009II;456;
BG314;2009III;500;
BG314;2009IV;476;
BG314;2009V;478;
BG314;2009VI;476;
BG314;2009VII;481;
BG314;2009VIII;481;
BG314;2009IX;502;
BG314;2009X;489;
BG314;2009XI;488;
BG314;2009XII;497;
BG314;2010I;465;
BG314;2010II;468;
BG314;2010III;487;
BG314;2010IV;495;
BG314;2010V;492;
BG314;2010VI;491;
BG314;2010VII;490;
BG314;2010VIII;484;
BG314;2010IX;503;
BG314;2010X;507;
BG314;2010XI;514;
BG314;2010XII;525;
BG314;2011I;495;
BG314;2011II;497;
BG314;2011III;513;
BG314;2011IV;521;
BG314;2011V;531;
BG314;2011VI;521;
BG314;2011VII;524;
BG314;2011VIII;519;
BG314;2011IX;536;
BG314;2011X;536;
BG314;2011XI;534;
BG314;2011XII;553;
BG314;2012I;520;
BG314;2012II;512;
BG314;2012III;535;
BG314;2012IV;542;
BG314;2012V;559;
BG314;2012VI;554;
BG314;2012VII;554;
BG314;2012VIII;556;
BG314;2012IX;568;
BG314;2012X;567;
BG314;2012XI;560;
BG314;2012XII;578;
BG314;2013I;561;
BG314;2013II;558;
BG314;2013III;573;
BG314;2013IV;584;
BG314;2013V;588;
BG314;2013VI;577;
BG314;2013VII;584;
BG314;2013VIII;577;
BG314;2013IX;599;
BG314;2013X;600;
BG314;2013XI;591;
BG314;2013XII;615;
BG314;2014I;596;
BG314;2014II;599;
BG314;2014III;627;
BG314;2014IV;636;
BG314;2014V;632;
BG314;2014VI;626;
BG314;2014VII;634;
BG314;2014VIII;633;
BG314;2014IX;643;
BG314;2014X;640;
BG314;2014XI;628;
BG314;2014XII;649;
BG314;2015I;635;
BG314;2015II;634;
BG314;2015III;669;
BG314;2015IV;683;
BG314;2015V;679;
BG314;2015VI;677;
BG314;2015VII;676;
BG314;2015VIII;668;
BG314;2015IX;687;
BG314;2015X;688;
BG314;2015XI;694;
BG314;2015XII;711;
BG314;2016I;704;
BG314;2016II;704;
BG314;2016III;733;
BG314;2016IV;737;
BG314;2016V;744;
BG314;2016VI;743;
BG314;2016VII;745;
BG314;2016VIII;740;
BG314;2016IX;764;
BG314;2016X;758;
BG314;2016XI;756;
BG314;2016XII;765;
BG314;2017I;762;
BG314;2017II;756;
BG314;2017III;792;
BG314;2017IV;796;
BG314;2017V;802;
BG314;2017VI;815;
BG314;2017VII;815;
BG314;2017VIII;805;
BG314;2017IX;834;
BG314;2017X;838;
BG314;2017XI;832;
BG314;2017XII;854;
BG314;2018I;836;
BG314;2018II;804;
BG314;2018III;829;
BG314;2018IV;861;
BG314;2018V;865;
BG314;2018VI;859;
BG314;2018VII;858;
BG314;2018VIII;859;
BG314;2018IX;872;
BG314;2018X;888;
BG314;2018XI;883;
BG314;2018XII;885;
BG314;2019I;881;
BG314;2019II;893;
BG314;2019III;924;
BG314;2019IV;937;
BG314;2019V;933;
BG314;2019VI;925;
BG314;2019VII;951;
BG314;2019VIII;930;
BG314;2019IX;956;
BG314;2019X;958;
BG314;2019XI;948;
BG314;2019XII;984;
BG314;2020I;979;
BG314;2020II;989;
BG314;2020III;961;
BG314;2020IV;969;
BG314;2020V;981;
BG314;2020VI;1002;
BG314;2020VII;1030;
BG314;2020VIII;1013;
BG314;2020IX;1072;
BG321;2008I;409;
BG321;2008II;410;
BG321;2008III;428;
BG321;2008IV;433;
BG321;2008V;443;
BG321;2008VI;442;
BG321;2008VII;444;
BG321;2008VIII;443;
BG321;2008IX;458;
BG321;2008X;470;
BG321;2008XI;461;
BG321;2008XII;473;
BG321;2009I;470;
BG321;2009II;475;
BG321;2009III;483;
BG321;2009IV;485;
BG321;2009V;491;
BG321;2009VI;484;
BG321;2009VII;485;
BG321;2009VIII;489;
BG321;2009IX;509;
BG321;2009X;489;
BG321;2009XI;490;
BG321;2009XII;503;
BG321;2010I;499;
BG321;2010II;501;
BG321;2010III;512;
BG321;2010IV;527;
BG321;2010V;540;
BG321;2010VI;519;
BG321;2010VII;523;
BG321;2010VIII;531;
BG321;2010IX;535;
BG321;2010X;525;
BG321;2010XI;553;
BG321;2010XII;548;
BG321;2011I;517;
BG321;2011II;523;
BG321;2011III;528;
BG321;2011IV;544;
BG321;2011V;559;
BG321;2011VI;535;
BG321;2011VII;539;
BG321;2011VIII;551;
BG321;2011IX;575;
BG321;2011X;555;
BG321;2011XI;569;
BG321;2011XII;574;
BG321;2012I;546;
BG321;2012II;562;
BG321;2012III;568;
BG321;2012IV;574;
BG321;2012V;591;
BG321;2012VI;570;
BG321;2012VII;579;
BG321;2012VIII;584;
BG321;2012IX;589;
BG321;2012X;588;
BG321;2012XI;579;
BG321;2012XII;599;
BG321;2013I;577;
BG321;2013II;573;
BG321;2013III;598;
BG321;2013IV;611;
BG321;2013V;615;
BG321;2013VI;599;
BG321;2013VII;608;
BG321;2013VIII;597;
BG321;2013IX;626;
BG321;2013X;637;
BG321;2013XI;627;
BG321;2013XII;645;
BG321;2014I;616;
BG321;2014II;624;
BG321;2014III;646;
BG321;2014IV;671;
BG321;2014V;664;
BG321;2014VI;660;
BG321;2014VII;658;
BG321;2014VIII;643;
BG321;2014IX;670;
BG321;2014X;667;
BG321;2014XI;660;
BG321;2014XII;676;
BG321;2015I;681;
BG321;2015II;671;
BG321;2015III;691;
BG321;2015IV;703;
BG321;2015V;700;
BG321;2015VI;696;
BG321;2015VII;708;
BG321;2015VIII;693;
BG321;2015IX;722;
BG321;2015X;720;
BG321;2015XI;715;
BG321;2015XII;741;
BG321;2016I;715;
BG321;2016II;724;
BG321;2016III;744;
BG321;2016IV;750;
BG321;2016V;745;
BG321;2016VI;742;
BG321;2016VII;749;
BG321;2016VIII;730;
BG321;2016IX;754;
BG321;2016X;761;
BG321;2016XI;751;
BG321;2016XII;775;
BG321;2017I;760;
BG321;2017II;763;
BG321;2017III;804;
BG321;2017IV;803;
BG321;2017V;797;
BG321;2017VI;795;
BG321;2017VII;800;
BG321;2017VIII;786;
BG321;2017IX;822;
BG321;2017X;826;
BG321;2017XI;819;
BG321;2017XII;827;
BG321;2018I;840;
BG321;2018II;827;
BG321;2018III;861;
BG321;2018IV;887;
BG321;2018V;886;
BG321;2018VI;882;
BG321;2018VII;882;
BG321;2018VIII;870;
BG321;2018IX;902;
BG321;2018X;906;
BG321;2018XI;908;
BG321;2018XII;912;
BG321;2019I;937;
BG321;2019II;935;
BG321;2019III;970;
BG321;2019IV;991;
BG321;2019V;996;
BG321;2019VI;980;
BG321;2019VII;971;
BG321;2019VIII;961;
BG321;2019IX;990;
BG321;2019X;1008;
BG321;2019XI;999;
BG321;2019XII;1031;
BG321;2020I;1012;
BG321;2020II;1006;
BG321;2020III;994;
BG321;2020IV;1008;
BG321;2020V;1045;
BG321;2020VI;1053;
BG321;2020VII;1077;
BG321;2020VIII;1038;
BG321;2020IX;1093;
BG322;2008I;438;
BG322;2008II;438;
BG322;2008III;450;
BG322;2008IV;468;
BG322;2008V;470;
BG322;2008VI;477;
BG322;2008VII;487;
BG322;2008VIII;475;
BG322;2008IX;502;
BG322;2008X;491;
BG322;2008XI;489;
BG322;2008XII;483;
BG322;2009I;494;
BG322;2009II;495;
BG322;2009III;507;
BG322;2009IV;528;
BG322;2009V;517;
BG322;2009VI;522;
BG322;2009VII;518;
BG322;2009VIII;510;
BG322;2009IX;536;
BG322;2009X;521;
BG322;2009XI;532;
BG322;2009XII;551;
BG322;2010I;545;
BG322;2010II;545;
BG322;2010III;564;
BG322;2010IV;566;
BG322;2010V;564;
BG322;2010VI;567;
BG322;2010VII;568;
BG322;2010VIII;556;
BG322;2010IX;577;
BG322;2010X;573;
BG322;2010XI;581;
BG322;2010XII;578;
BG322;2011I;569;
BG322;2011II;554;
BG322;2011III;585;
BG322;2011IV;588;
BG322;2011V;591;
BG322;2011VI;598;
BG322;2011VII;599;
BG322;2011VIII;581;
BG322;2011IX;601;
BG322;2011X;608;
BG322;2011XI;605;
BG322;2011XII;600;
BG322;2012I;571;
BG322;2012II;587;
BG322;2012III;613;
BG322;2012IV;633;
BG322;2012V;628;
BG322;2012VI;623;
BG322;2012VII;626;
BG322;2012VIII;612;
BG322;2012IX;634;
BG322;2012X;638;
BG322;2012XI;646;
BG322;2012XII;649;
BG322;2013I;637;
BG322;2013II;636;
BG322;2013III;658;
BG322;2013IV;652;
BG322;2013V;678;
BG322;2013VI;676;
BG322;2013VII;685;
BG322;2013VIII;669;
BG322;2013IX;698;
BG322;2013X;681;
BG322;2013XI;700;
BG322;2013XII;696;
BG322;2014I;661;
BG322;2014II;665;
BG322;2014III;694;
BG322;2014IV;697;
BG322;2014V;697;
BG322;2014VI;694;
BG322;2014VII;698;
BG322;2014VIII;676;
BG322;2014IX;689;
BG322;2014X;699;
BG322;2014XI;714;
BG322;2014XII;742;
BG322;2015I;718;
BG322;2015II;709;
BG322;2015III;749;
BG322;2015IV;757;
BG322;2015V;745;
BG322;2015VI;753;
BG322;2015VII;756;
BG322;2015VIII;736;
BG322;2015IX;769;
BG322;2015X;761;
BG322;2015XI;788;
BG322;2015XII;790;
BG322;2016I;760;
BG322;2016II;768;
BG322;2016III;813;
BG322;2016IV;801;
BG322;2016V;805;
BG322;2016VI;803;
BG322;2016VII;799;
BG322;2016VIII;778;
BG322;2016IX;809;
BG322;2016X;808;
BG322;2016XI;820;
BG322;2016XII;839;
BG322;2017I;805;
BG322;2017II;831;
BG322;2017III;865;
BG322;2017IV;874;
BG322;2017V;895;
BG322;2017VI;881;
BG322;2017VII;880;
BG322;2017VIII;856;
BG322;2017IX;915;
BG322;2017X;923;
BG322;2017XI;943;
BG322;2017XII;944;
BG322;2018I;917;
BG322;2018II;925;
BG322;2018III;955;
BG322;2018IV;975;
BG322;2018V;1013;
BG322;2018VI;982;
BG322;2018VII;979;
BG322;2018VIII;962;
BG322;2018IX;1007;
BG322;2018X;1008;
BG322;2018XI;1056;
BG322;2018XII;1029;
BG322;2019I;1031;
BG322;2019II;1051;
BG322;2019III;1094;
BG322;2019IV;1092;
BG322;2019V;1116;
BG322;2019VI;1117;
BG322;2019VII;1115;
BG322;2019VIII;1086;
BG322;2019IX;1116;
BG322;2019X;1123;
BG322;2019XI;1141;
BG322;2019XII;1145;
BG322;2020I;1149;
BG322;2020II;1143;
BG322;2020III;1114;
BG322;2020IV;1072;
BG322;2020V;1128;
BG322;2020VI;1182;
BG322;2020VII;1187;
BG322;2020VIII;1162;
BG322;2020IX;1226;
BG324;2008I;390;
BG324;2008II;396;
BG324;2008III;416;
BG324;2008IV;422;
BG324;2008V;429;
BG324;2008VI;448;
BG324;2008VII;438;
BG324;2008VIII;445;
BG324;2008IX;468;
BG324;2008X;458;
BG324;2008XI;450;
BG324;2008XII;481;
BG324;2009I;468;
BG324;2009II;481;
BG324;2009III;485;
BG324;2009IV;489;
BG324;2009V;486;
BG324;2009VI;487;
BG324;2009VII;490;
BG324;2009VIII;496;
BG324;2009IX;519;
BG324;2009X;498;
BG324;2009XI;509;
BG324;2009XII;533;
BG324;2010I;486;
BG324;2010II;481;
BG324;2010III;489;
BG324;2010IV;507;
BG324;2010V;501;
BG324;2010VI;501;
BG324;2010VII;508;
BG324;2010VIII;498;
BG324;2010IX;531;
BG324;2010X;503;
BG324;2010XI;511;
BG324;2010XII;525;
BG324;2011I;493;
BG324;2011II;490;
BG324;2011III;503;
BG324;2011IV;517;
BG324;2011V;525;
BG324;2011VI;532;
BG324;2011VII;513;
BG324;2011VIII;511;
BG324;2011IX;535;
BG324;2011X;534;
BG324;2011XI;540;
BG324;2011XII;565;
BG324;2012I;547;
BG324;2012II;536;
BG324;2012III;565;
BG324;2012IV;582;
BG324;2012V;594;
BG324;2012VI;652;
BG324;2012VII;641;
BG324;2012VIII;598;
BG324;2012IX;622;
BG324;2012X;619;
BG324;2012XI;617;
BG324;2012XII;642;
BG324;2013I;611;
BG324;2013II;586;
BG324;2013III;605;
BG324;2013IV;623;
BG324;2013V;631;
BG324;2013VI;614;
BG324;2013VII;656;
BG324;2013VIII;648;
BG324;2013IX;655;
BG324;2013X;645;
BG324;2013XI;671;
BG324;2013XII;671;
BG324;2014I;673;
BG324;2014II;617;
BG324;2014III;675;
BG324;2014IV;675;
BG324;2014V;654;
BG324;2014VI;666;
BG324;2014VII;756;
BG324;2014VIII;719;
BG324;2014IX;712;
BG324;2014X;830;
BG324;2014XI;692;
BG324;2014XII;710;
BG324;2015I;660;
BG324;2015II;651;
BG324;2015III;729;
BG324;2015IV;719;
BG324;2015V;702;
BG324;2015VI;687;
BG324;2015VII;794;
BG324;2015VIII;729;
BG324;2015IX;810;
BG324;2015X;755;
BG324;2015XI;765;
BG324;2015XII;767;
BG324;2016I;709;
BG324;2016II;758;
BG324;2016III;772;
BG324;2016IV;766;
BG324;2016V;749;
BG324;2016VI;751;
BG324;2016VII;879;
BG324;2016VIII;778;
BG324;2016IX;824;
BG324;2016X;913;
BG324;2016XI;805;
BG324;2016XII;832;
BG324;2017I;801;
BG324;2017II;791;
BG324;2017III;821;
BG324;2017IV;835;
BG324;2017V;832;
BG324;2017VI;820;
BG324;2017VII;876;
BG324;2017VIII;814;
BG324;2017IX;1025;
BG324;2017X;891;
BG324;2017XI;880;
BG324;2017XII;895;
BG324;2018I;902;
BG324;2018II;894;
BG324;2018III;934;
BG324;2018IV;1012;
BG324;2018V;932;
BG324;2018VI;1023;
BG324;2018VII;1005;
BG324;2018VIII;971;
BG324;2018IX;1029;
BG324;2018X;1000;
BG324;2018XI;1003;
BG324;2018XII;1020;
BG324;2019I;997;
BG324;2019II;1012;
BG324;2019III;1036;
BG324;2019IV;1044;
BG324;2019V;1036;
BG324;2019VI;1018;
BG324;2019VII;1170;
BG324;2019VIII;1045;
BG324;2019IX;1111;
BG324;2019X;1103;
BG324;2019XI;1146;
BG324;2019XII;1114;
BG324;2020I;1122;
BG324;2020II;1154;
BG324;2020III;1083;
BG324;2020IV;1091;
BG324;2020V;1127;
BG324;2020VI;1145;
BG324;2020VII;1256;
BG324;2020VIII;1171;
BG324;2020IX;1229;
BG323;2008I;399;
BG323;2008II;403;
BG323;2008III;418;
BG323;2008IV;431;
BG323;2008V;438;
BG323;2008VI;444;
BG323;2008VII;445;
BG323;2008VIII;441;
BG323;2008IX;472;
BG323;2008X;478;
BG323;2008XI;459;
BG323;2008XII;468;
BG323;2009I;478;
BG323;2009II;482;
BG323;2009III;498;
BG323;2009IV;495;
BG323;2009V;505;
BG323;2009VI;504;
BG323;2009VII;501;
BG323;2009VIII;501;
BG323;2009IX;525;
BG323;2009X;511;
BG323;2009XI;520;
BG323;2009XII;534;
BG323;2010I;525;
BG323;2010II;521;
BG323;2010III;545;
BG323;2010IV;544;
BG323;2010V;548;
BG323;2010VI;547;
BG323;2010VII;551;
BG323;2010VIII;550;
BG323;2010IX;562;
BG323;2010X;555;
BG323;2010XI;567;
BG323;2010XII;581;
BG323;2011I;545;
BG323;2011II;538;
BG323;2011III;596;
BG323;2011IV;572;
BG323;2011V;570;
BG323;2011VI;557;
BG323;2011VII;568;
BG323;2011VIII;564;
BG323;2011IX;581;
BG323;2011X;580;
BG323;2011XI;591;
BG323;2011XII;597;
BG323;2012I;556;
BG323;2012II;552;
BG323;2012III;570;
BG323;2012IV;573;
BG323;2012V;591;
BG323;2012VI;585;
BG323;2012VII;583;
BG323;2012VIII;607;
BG323;2012IX;601;
BG323;2012X;616;
BG323;2012XI;621;
BG323;2012XII;623;
BG323;2013I;582;
BG323;2013II;575;
BG323;2013III;599;
BG323;2013IV;608;
BG323;2013V;612;
BG323;2013VI;610;
BG323;2013VII;623;
BG323;2013VIII;611;
BG323;2013IX;625;
BG323;2013X;635;
BG323;2013XI;634;
BG323;2013XII;651;
BG323;2014I;655;
BG323;2014II;647;
BG323;2014III;666;
BG323;2014IV;668;
BG323;2014V;670;
BG323;2014VI;666;
BG323;2014VII;665;
BG323;2014VIII;661;
BG323;2014IX;677;
BG323;2014X;685;
BG323;2014XI;695;
BG323;2014XII;697;
BG323;2015I;669;
BG323;2015II;666;
BG323;2015III;681;
BG323;2015IV;696;
BG323;2015V;695;
BG323;2015VI;685;
BG323;2015VII;704;
BG323;2015VIII;686;
BG323;2015IX;702;
BG323;2015X;707;
BG323;2015XI;734;
BG323;2015XII;729;
BG323;2016I;755;
BG323;2016II;748;
BG323;2016III;768;
BG323;2016IV;782;
BG323;2016V;780;
BG323;2016VI;775;
BG323;2016VII;786;
BG323;2016VIII;780;
BG323;2016IX;795;
BG323;2016X;808;
BG323;2016XI;822;
BG323;2016XII;836;
BG323;2017I;801;
BG323;2017II;807;
BG323;2017III;826;
BG323;2017IV;851;
BG323;2017V;844;
BG323;2017VI;834;
BG323;2017VII;822;
BG323;2017VIII;825;
BG323;2017IX;848;
BG323;2017X;860;
BG323;2017XI;872;
BG323;2017XII;877;
BG323;2018I;887;
BG323;2018II;860;
BG323;2018III;895;
BG323;2018IV;914;
BG323;2018V;919;
BG323;2018VI;912;
BG323;2018VII;911;
BG323;2018VIII;902;
BG323;2018IX;930;
BG323;2018X;947;
BG323;2018XI;954;
BG323;2018XII;955;
BG323;2019I;967;
BG323;2019II;983;
BG323;2019III;1013;
BG323;2019IV;1033;
BG323;2019V;1032;
BG323;2019VI;1031;
BG323;2019VII;1029;
BG323;2019VIII;1014;
BG323;2019IX;1041;
BG323;2019X;1076;
BG323;2019XI;1082;
BG323;2019XII;1101;
BG323;2020I;1077;
BG323;2020II;1078;
BG323;2020III;1048;
BG323;2020IV;1055;
BG323;2020V;1085;
BG323;2020VI;1120;
BG323;2020VII;1150;
BG323;2020VIII;1127;
BG323;2020IX;1164;
BG325;2008I;383;
BG325;2008II;389;
BG325;2008III;394;
BG325;2008IV;402;
BG325;2008V;405;
BG325;2008VI;407;
BG325;2008VII;415;
BG325;2008VIII;419;
BG325;2008IX;443;
BG325;2008X;446;
BG325;2008XI;429;
BG325;2008XII;463;
BG325;2009I;439;
BG325;2009II;435;
BG325;2009III;453;
BG325;2009IV;463;
BG325;2009V;464;
BG325;2009VI;463;
BG325;2009VII;460;
BG325;2009VIII;456;
BG325;2009IX;489;
BG325;2009X;461;
BG325;2009XI;468;
BG325;2009XII;489;
BG325;2010I;460;
BG325;2010II;462;
BG325;2010III;477;
BG325;2010IV;494;
BG325;2010V;496;
BG325;2010VI;479;
BG325;2010VII;505;
BG325;2010VIII;490;
BG325;2010IX;499;
BG325;2010X;506;
BG325;2010XI;507;
BG325;2010XII;508;
BG325;2011I;484;
BG325;2011II;486;
BG325;2011III;496;
BG325;2011IV;486;
BG325;2011V;505;
BG325;2011VI;502;
BG325;2011VII;500;
BG325;2011VIII;494;
BG325;2011IX;520;
BG325;2011X;519;
BG325;2011XI;525;
BG325;2011XII;530;
BG325;2012I;498;
BG325;2012II;489;
BG325;2012III;517;
BG325;2012IV;536;
BG325;2012V;535;
BG325;2012VI;541;
BG325;2012VII;552;
BG325;2012VIII;546;
BG325;2012IX;564;
BG325;2012X;566;
BG325;2012XI;561;
BG325;2012XII;574;
BG325;2013I;523;
BG325;2013II;523;
BG325;2013III;538;
BG325;2013IV;564;
BG325;2013V;554;
BG325;2013VI;562;
BG325;2013VII;553;
BG325;2013VIII;542;
BG325;2013IX;570;
BG325;2013X;586;
BG325;2013XI;569;
BG325;2013XII;597;
BG325;2014I;572;
BG325;2014II;580;
BG325;2014III;615;
BG325;2014IV;623;
BG325;2014V;639;
BG325;2014VI;605;
BG325;2014VII;629;
BG325;2014VIII;607;
BG325;2014IX;626;
BG325;2014X;644;
BG325;2014XI;646;
BG325;2014XII;638;
BG325;2015I;596;
BG325;2015II;588;
BG325;2015III;614;
BG325;2015IV;622;
BG325;2015V;624;
BG325;2015VI;614;
BG325;2015VII;608;
BG325;2015VIII;610;
BG325;2015IX;638;
BG325;2015X;655;
BG325;2015XI;671;
BG325;2015XII;679;
BG325;2016I;646;
BG325;2016II;646;
BG325;2016III;672;
BG325;2016IV;668;
BG325;2016V;679;
BG325;2016VI;675;
BG325;2016VII;673;
BG325;2016VIII;662;
BG325;2016IX;692;
BG325;2016X;718;
BG325;2016XI;683;
BG325;2016XII;696;
BG325;2017I;665;
BG325;2017II;674;
BG325;2017III;702;
BG325;2017IV;716;
BG325;2017V;712;
BG325;2017VI;705;
BG325;2017VII;711;
BG325;2017VIII;695;
BG325;2017IX;727;
BG325;2017X;750;
BG325;2017XI;750;
BG325;2017XII;765;
BG325;2018I;758;
BG325;2018II;750;
BG325;2018III;779;
BG325;2018IV;797;
BG325;2018V;788;
BG325;2018VI;789;
BG325;2018VII;774;
BG325;2018VIII;772;
BG325;2018IX;799;
BG325;2018X;817;
BG325;2018XI;815;
BG325;2018XII;807;
BG325;2019I;832;
BG325;2019II;856;
BG325;2019III;910;
BG325;2019IV;911;
BG325;2019V;904;
BG325;2019VI;927;
BG325;2019VII;905;
BG325;2019VIII;908;
BG325;2019IX;954;
BG325;2019X;992;
BG325;2019XI;979;
BG325;2019XII;994;
BG325;2020I;912;
BG325;2020II;916;
BG325;2020III;909;
BG325;2020IV;914;
BG325;2020V;950;
BG325;2020VI;951;
BG325;2020VII;953;
BG325;2020VIII;939;
BG325;2020IX;966;
BG331;2008I;486;
BG331;2008II;492;
BG331;2008III;508;
BG331;2008IV;527;
BG331;2008V;524;
BG331;2008VI;534;
BG331;2008VII;516;
BG331;2008VIII;521;
BG331;2008IX;542;
BG331;2008X;549;
BG331;2008XI;562;
BG331;2008XII;559;
BG331;2009I;574;
BG331;2009II;565;
BG331;2009III;581;
BG331;2009IV;592;
BG331;2009V;574;
BG331;2009VI;579;
BG331;2009VII;586;
BG331;2009VIII;567;
BG331;2009IX;594;
BG331;2009X;593;
BG331;2009XI;600;
BG331;2009XII;616;
BG331;2010I;583;
BG331;2010II;584;
BG331;2010III;612;
BG331;2010IV;625;
BG331;2010V;627;
BG331;2010VI;610;
BG331;2010VII;627;
BG331;2010VIII;626;
BG331;2010IX;651;
BG331;2010X;652;
BG331;2010XI;674;
BG331;2010XII;693;
BG331;2011I;643;
BG331;2011II;645;
BG331;2011III;661;
BG331;2011IV;698;
BG331;2011V;683;
BG331;2011VI;662;
BG331;2011VII;668;
BG331;2011VIII;674;
BG331;2011IX;693;
BG331;2011X;693;
BG331;2011XI;714;
BG331;2011XII;733;
BG331;2012I;683;
BG331;2012II;682;
BG331;2012III;707;
BG331;2012IV;727;
BG331;2012V;714;
BG331;2012VI;690;
BG331;2012VII;693;
BG331;2012VIII;696;
BG331;2012IX;714;
BG331;2012X;735;
BG331;2012XI;732;
BG331;2012XII;765;
BG331;2013I;729;
BG331;2013II;721;
BG331;2013III;749;
BG331;2013IV;780;
BG331;2013V;751;
BG331;2013VI;724;
BG331;2013VII;730;
BG331;2013VIII;717;
BG331;2013IX;745;
BG331;2013X;763;
BG331;2013XI;775;
BG331;2013XII;786;
BG331;2014I;748;
BG331;2014II;742;
BG331;2014III;755;
BG331;2014IV;790;
BG331;2014V;749;
BG331;2014VI;737;
BG331;2014VII;746;
BG331;2014VIII;742;
BG331;2014IX;762;
BG331;2014X;793;
BG331;2014XI;802;
BG331;2014XII;824;
BG331;2015I;795;
BG331;2015II;789;
BG331;2015III;815;
BG331;2015IV;852;
BG331;2015V;820;
BG331;2015VI;802;
BG331;2015VII;819;
BG331;2015VIII;807;
BG331;2015IX;828;
BG331;2015X;853;
BG331;2015XI;876;
BG331;2015XII;889;
BG331;2016I;891;
BG331;2016II;883;
BG331;2016III;912;
BG331;2016IV;929;
BG331;2016V;894;
BG331;2016VI;870;
BG331;2016VII;884;
BG331;2016VIII;875;
BG331;2016IX;899;
BG331;2016X;937;
BG331;2016XI;923;
BG331;2016XII;960;
BG331;2017I;935;
BG331;2017II;930;
BG331;2017III;962;
BG331;2017IV;1001;
BG331;2017V;974;
BG331;2017VI;968;
BG331;2017VII;977;
BG331;2017VIII;968;
BG331;2017IX;1005;
BG331;2017X;1036;
BG331;2017XI;1048;
BG331;2017XII;1064;
BG331;2018I;1004;
BG331;2018II;996;
BG331;2018III;1019;
BG331;2018IV;1078;
BG331;2018V;1047;
BG331;2018VI;1055;
BG331;2018VII;1045;
BG331;2018VIII;1057;
BG331;2018IX;1059;
BG331;2018X;1104;
BG331;2018XI;1095;
BG331;2018XII;1099;
BG331;2019I;1086;
BG331;2019II;1106;
BG331;2019III;1123;
BG331;2019IV;1177;
BG331;2019V;1147;
BG331;2019VI;1145;
BG331;2019VII;1165;
BG331;2019VIII;1132;
BG331;2019IX;1189;
BG331;2019X;1219;
BG331;2019XI;1234;
BG331;2019XII;1254;
BG331;2020I;1206;
BG331;2020II;1198;
BG331;2020III;1179;
BG331;2020IV;1196;
BG331;2020V;1207;
BG331;2020VI;1251;
BG331;2020VII;1272;
BG331;2020VIII;1224;
BG331;2020IX;1282;
BG332;2008I;392;
BG332;2008II;393;
BG332;2008III;451;
BG332;2008IV;414;
BG332;2008V;420;
BG332;2008VI;438;
BG332;2008VII;437;
BG332;2008VIII;444;
BG332;2008IX;466;
BG332;2008X;444;
BG332;2008XI;433;
BG332;2008XII;439;
BG332;2009I;459;
BG332;2009II;462;
BG332;2009III;474;
BG332;2009IV;483;
BG332;2009V;489;
BG332;2009VI;492;
BG332;2009VII;484;
BG332;2009VIII;485;
BG332;2009IX;504;
BG332;2009X;489;
BG332;2009XI;492;
BG332;2009XII;499;
BG332;2010I;480;
BG332;2010II;476;
BG332;2010III;488;
BG332;2010IV;508;
BG332;2010V;510;
BG332;2010VI;504;
BG332;2010VII;515;
BG332;2010VIII;512;
BG332;2010IX;526;
BG332;2010X;531;
BG332;2010XI;529;
BG332;2010XII;553;
BG332;2011I;499;
BG332;2011II;498;
BG332;2011III;508;
BG332;2011IV;521;
BG332;2011V;528;
BG332;2011VI;522;
BG332;2011VII;533;
BG332;2011VIII;530;
BG332;2011IX;557;
BG332;2011X;541;
BG332;2011XI;552;
BG332;2011XII;560;
BG332;2012I;520;
BG332;2012II;521;
BG332;2012III;530;
BG332;2012IV;557;
BG332;2012V;554;
BG332;2012VI;551;
BG332;2012VII;578;
BG332;2012VIII;568;
BG332;2012IX;583;
BG332;2012X;586;
BG332;2012XI;577;
BG332;2012XII;597;
BG332;2013I;592;
BG332;2013II;591;
BG332;2013III;609;
BG332;2013IV;635;
BG332;2013V;636;
BG332;2013VI;626;
BG332;2013VII;665;
BG332;2013VIII;638;
BG332;2013IX;662;
BG332;2013X;657;
BG332;2013XI;651;
BG332;2013XII;652;
BG332;2014I;627;
BG332;2014II;621;
BG332;2014III;639;
BG332;2014IV;686;
BG332;2014V;653;
BG332;2014VI;646;
BG332;2014VII;664;
BG332;2014VIII;650;
BG332;2014IX;669;
BG332;2014X;679;
BG332;2014XI;669;
BG332;2014XII;701;
BG332;2015I;640;
BG332;2015II;644;
BG332;2015III;656;
BG332;2015IV;685;
BG332;2015V;680;
BG332;2015VI;678;
BG332;2015VII;702;
BG332;2015VIII;692;
BG332;2015IX;710;
BG332;2015X;708;
BG332;2015XI;700;
BG332;2015XII;714;
BG332;2016I;730;
BG332;2016II;725;
BG332;2016III;739;
BG332;2016IV;752;
BG332;2016V;755;
BG332;2016VI;753;
BG332;2016VII;793;
BG332;2016VIII;757;
BG332;2016IX;774;
BG332;2016X;784;
BG332;2016XI;802;
BG332;2016XII;795;
BG332;2017I;725;
BG332;2017II;747;
BG332;2017III;780;
BG332;2017IV;818;
BG332;2017V;770;
BG332;2017VI;763;
BG332;2017VII;789;
BG332;2017VIII;767;
BG332;2017IX;816;
BG332;2017X;822;
BG332;2017XI;813;
BG332;2017XII;835;
BG332;2018I;790;
BG332;2018II;786;
BG332;2018III;810;
BG332;2018IV;827;
BG332;2018V;838;
BG332;2018VI;826;
BG332;2018VII;824;
BG332;2018VIII;821;
BG332;2018IX;863;
BG332;2018X;878;
BG332;2018XI;845;
BG332;2018XII;867;
BG332;2019I;898;
BG332;2019II;905;
BG332;2019III;933;
BG332;2019IV;979;
BG332;2019V;968;
BG332;2019VI;959;
BG332;2019VII;966;
BG332;2019VIII;949;
BG332;2019IX;1011;
BG332;2019X;1014;
BG332;2019XI;1006;
BG332;2019XII;1011;
BG332;2020I;998;
BG332;2020II;1014;
BG332;2020III;988;
BG332;2020IV;1019;
BG332;2020V;1036;
BG332;2020VI;1036;
BG332;2020VII;1066;
BG332;2020VIII;1078;
BG332;2020IX;1111;
BG334;2008I;372;
BG334;2008II;373;
BG334;2008III;382;
BG334;2008IV;390;
BG334;2008V;395;
BG334;2008VI;414;
BG334;2008VII;408;
BG334;2008VIII;400;
BG334;2008IX;432;
BG334;2008X;416;
BG334;2008XI;433;
BG334;2008XII;437;
BG334;2009I;446;
BG334;2009II;437;
BG334;2009III;454;
BG334;2009IV;453;
BG334;2009V;465;
BG334;2009VI;467;
BG334;2009VII;452;
BG334;2009VIII;452;
BG334;2009IX;481;
BG334;2009X;456;
BG334;2009XI;464;
BG334;2009XII;469;
BG334;2010I;448;
BG334;2010II;446;
BG334;2010III;474;
BG334;2010IV;475;
BG334;2010V;477;
BG334;2010VI;471;
BG334;2010VII;471;
BG334;2010VIII;468;
BG334;2010IX;500;
BG334;2010X;488;
BG334;2010XI;488;
BG334;2010XII;499;
BG334;2011I;484;
BG334;2011II;465;
BG334;2011III;478;
BG334;2011IV;489;
BG334;2011V;507;
BG334;2011VI;504;
BG334;2011VII;509;
BG334;2011VIII;490;
BG334;2011IX;533;
BG334;2011X;515;
BG334;2011XI;535;
BG334;2011XII;551;
BG334;2012I;498;
BG334;2012II;498;
BG334;2012III;529;
BG334;2012IV;541;
BG334;2012V;552;
BG334;2012VI;540;
BG334;2012VII;554;
BG334;2012VIII;538;
BG334;2012IX;569;
BG334;2012X;564;
BG334;2012XI;562;
BG334;2012XII;591;
BG334;2013I;593;
BG334;2013II;558;
BG334;2013III;618;
BG334;2013IV;576;
BG334;2013V;595;
BG334;2013VI;584;
BG334;2013VII;635;
BG334;2013VIII;562;
BG334;2013IX;586;
BG334;2013X;655;
BG334;2013XI;688;
BG334;2013XII;717;
BG334;2014I;615;
BG334;2014II;614;
BG334;2014III;660;
BG334;2014IV;734;
BG334;2014V;657;
BG334;2014VI;627;
BG334;2014VII;625;
BG334;2014VIII;630;
BG334;2014IX;668;
BG334;2014X;660;
BG334;2014XI;650;
BG334;2014XII;695;
BG334;2015I;639;
BG334;2015II;644;
BG334;2015III;687;
BG334;2015IV;676;
BG334;2015V;674;
BG334;2015VI;665;
BG334;2015VII;670;
BG334;2015VIII;653;
BG334;2015IX;689;
BG334;2015X;705;
BG334;2015XI;687;
BG334;2015XII;733;
BG334;2016I;678;
BG334;2016II;673;
BG334;2016III;711;
BG334;2016IV;730;
BG334;2016V;746;
BG334;2016VI;741;
BG334;2016VII;734;
BG334;2016VIII;706;
BG334;2016IX;767;
BG334;2016X;759;
BG334;2016XI;746;
BG334;2016XII;768;
BG334;2017I;752;
BG334;2017II;766;
BG334;2017III;802;
BG334;2017IV;818;
BG334;2017V;815;
BG334;2017VI;807;
BG334;2017VII;818;
BG334;2017VIII;784;
BG334;2017IX;861;
BG334;2017X;848;
BG334;2017XI;838;
BG334;2017XII;916;
BG334;2018I;806;
BG334;2018II;796;
BG334;2018III;849;
BG334;2018IV;870;
BG334;2018V;872;
BG334;2018VI;865;
BG334;2018VII;853;
BG334;2018VIII;840;
BG334;2018IX;922;
BG334;2018X;891;
BG334;2018XI;862;
BG334;2018XII;948;
BG334;2019I;905;
BG334;2019II;926;
BG334;2019III;966;
BG334;2019IV;977;
BG334;2019V;973;
BG334;2019VI;978;
BG334;2019VII;996;
BG334;2019VIII;981;
BG334;2019IX;1027;
BG334;2019X;1035;
BG334;2019XI;1007;
BG334;2019XII;1061;
BG334;2020I;1071;
BG334;2020II;1032;
BG334;2020III;1015;
BG334;2020IV;1036;
BG334;2020V;1049;
BG334;2020VI;1069;
BG334;2020VII;1059;
BG334;2020VIII;1058;
BG334;2020IX;1110;
BG333;2008I;406;
BG333;2008II;417;
BG333;2008III;440;
BG333;2008IV;434;
BG333;2008V;445;
BG333;2008VI;443;
BG333;2008VII;443;
BG333;2008VIII;441;
BG333;2008IX;469;
BG333;2008X;461;
BG333;2008XI;454;
BG333;2008XII;480;
BG333;2009I;461;
BG333;2009II;462;
BG333;2009III;482;
BG333;2009IV;485;
BG333;2009V;503;
BG333;2009VI;490;
BG333;2009VII;493;
BG333;2009VIII;498;
BG333;2009IX;519;
BG333;2009X;512;
BG333;2009XI;504;
BG333;2009XII;518;
BG333;2010I;518;
BG333;2010II;509;
BG333;2010III;540;
BG333;2010IV;537;
BG333;2010V;549;
BG333;2010VI;531;
BG333;2010VII;542;
BG333;2010VIII;536;
BG333;2010IX;554;
BG333;2010X;555;
BG333;2010XI;560;
BG333;2010XII;583;
BG333;2011I;504;
BG333;2011II;502;
BG333;2011III;541;
BG333;2011IV;540;
BG333;2011V;541;
BG333;2011VI;527;
BG333;2011VII;533;
BG333;2011VIII;523;
BG333;2011IX;545;
BG333;2011X;552;
BG333;2011XI;551;
BG333;2011XII;558;
BG333;2012I;548;
BG333;2012II;540;
BG333;2012III;572;
BG333;2012IV;585;
BG333;2012V;592;
BG333;2012VI;585;
BG333;2012VII;582;
BG333;2012VIII;579;
BG333;2012IX;613;
BG333;2012X;628;
BG333;2012XI;618;
BG333;2012XII;629;
BG333;2013I;606;
BG333;2013II;606;
BG333;2013III;644;
BG333;2013IV;610;
BG333;2013V;625;
BG333;2013VI;604;
BG333;2013VII;607;
BG333;2013VIII;599;
BG333;2013IX;620;
BG333;2013X;642;
BG333;2013XI;644;
BG333;2013XII;658;
BG333;2014I;637;
BG333;2014II;640;
BG333;2014III;695;
BG333;2014IV;675;
BG333;2014V;671;
BG333;2014VI;659;
BG333;2014VII;655;
BG333;2014VIII;649;
BG333;2014IX;679;
BG333;2014X;688;
BG333;2014XI;693;
BG333;2014XII;714;
BG333;2015I;681;
BG333;2015II;682;
BG333;2015III;739;
BG333;2015IV;709;
BG333;2015V;714;
BG333;2015VI;716;
BG333;2015VII;726;
BG333;2015VIII;711;
BG333;2015IX;746;
BG333;2015X;748;
BG333;2015XI;750;
BG333;2015XII;783;
BG333;2016I;736;
BG333;2016II;739;
BG333;2016III;789;
BG333;2016IV;778;
BG333;2016V;784;
BG333;2016VI;768;
BG333;2016VII;776;
BG333;2016VIII;759;
BG333;2016IX;798;
BG333;2016X;806;
BG333;2016XI;802;
BG333;2016XII;831;
BG333;2017I;774;
BG333;2017II;794;
BG333;2017III;852;
BG333;2017IV;849;
BG333;2017V;838;
BG333;2017VI;824;
BG333;2017VII;829;
BG333;2017VIII;802;
BG333;2017IX;869;
BG333;2017X;860;
BG333;2017XI;870;
BG333;2017XII;893;
BG333;2018I;864;
BG333;2018II;850;
BG333;2018III;909;
BG333;2018IV;913;
BG333;2018V;912;
BG333;2018VI;900;
BG333;2018VII;892;
BG333;2018VIII;882;
BG333;2018IX;923;
BG333;2018X;926;
BG333;2018XI;917;
BG333;2018XII;940;
BG333;2019I;932;
BG333;2019II;942;
BG333;2019III;992;
BG333;2019IV;999;
BG333;2019V;1008;
BG333;2019VI;985;
BG333;2019VII;985;
BG333;2019VIII;974;
BG333;2019IX;1010;
BG333;2019X;1023;
BG333;2019XI;1035;
BG333;2019XII;1058;
BG333;2020I;1047;
BG333;2020II;1062;
BG333;2020III;1055;
BG333;2020IV;1071;
BG333;2020V;1113;
BG333;2020VI;1102;
BG333;2020VII;1106;
BG333;2020VIII;1086;
BG333;2020IX;1115;
BG341;2008I;464;
BG341;2008II;471;
BG341;2008III;490;
BG341;2008IV;502;
BG341;2008V;493;
BG341;2008VI;488;
BG341;2008VII;480;
BG341;2008VIII;490;
BG341;2008IX;504;
BG341;2008X;520;
BG341;2008XI;526;
BG341;2008XII;533;
BG341;2009I;540;
BG341;2009II;538;
BG341;2009III;564;
BG341;2009IV;562;
BG341;2009V;554;
BG341;2009VI;530;
BG341;2009VII;532;
BG341;2009VIII;546;
BG341;2009IX;559;
BG341;2009X;566;
BG341;2009XI;567;
BG341;2009XII;581;
BG341;2010I;559;
BG341;2010II;571;
BG341;2010III;585;
BG341;2010IV;596;
BG341;2010V;587;
BG341;2010VI;558;
BG341;2010VII;553;
BG341;2010VIII;567;
BG341;2010IX;585;
BG341;2010X;604;
BG341;2010XI;608;
BG341;2010XII;623;
BG341;2011I;597;
BG341;2011II;594;
BG341;2011III;606;
BG341;2011IV;615;
BG341;2011V;608;
BG341;2011VI;584;
BG341;2011VII;573;
BG341;2011VIII;586;
BG341;2011IX;603;
BG341;2011X;636;
BG341;2011XI;643;
BG341;2011XII;673;
BG341;2012I;627;
BG341;2012II;634;
BG341;2012III;661;
BG341;2012IV;681;
BG341;2012V;666;
BG341;2012VI;635;
BG341;2012VII;631;
BG341;2012VIII;637;
BG341;2012IX;667;
BG341;2012X;696;
BG341;2012XI;689;
BG341;2012XII;706;
BG341;2013I;672;
BG341;2013II;668;
BG341;2013III;683;
BG341;2013IV;712;
BG341;2013V;690;
BG341;2013VI;654;
BG341;2013VII;654;
BG341;2013VIII;658;
BG341;2013IX;705;
BG341;2013X;715;
BG341;2013XI;713;
BG341;2013XII;719;
BG341;2014I;697;
BG341;2014II;687;
BG341;2014III;723;
BG341;2014IV;741;
BG341;2014V;714;
BG341;2014VI;674;
BG341;2014VII;661;
BG341;2014VIII;665;
BG341;2014IX;705;
BG341;2014X;742;
BG341;2014XI;738;
BG341;2014XII;762;
BG341;2015I;732;
BG341;2015II;729;
BG341;2015III;747;
BG341;2015IV;769;
BG341;2015V;743;
BG341;2015VI;696;
BG341;2015VII;698;
BG341;2015VIII;697;
BG341;2015IX;720;
BG341;2015X;750;
BG341;2015XI;755;
BG341;2015XII;775;
BG341;2016I;782;
BG341;2016II;764;
BG341;2016III;797;
BG341;2016IV;797;
BG341;2016V;785;
BG341;2016VI;746;
BG341;2016VII;757;
BG341;2016VIII;745;
BG341;2016IX;784;
BG341;2016X;828;
BG341;2016XI;818;
BG341;2016XII;841;
BG341;2017I;820;
BG341;2017II;834;
BG341;2017III;860;
BG341;2017IV;883;
BG341;2017V;861;
BG341;2017VI;822;
BG341;2017VII;821;
BG341;2017VIII;825;
BG341;2017IX;887;
BG341;2017X;911;
BG341;2017XI;906;
BG341;2017XII;949;
BG341;2018I;895;
BG341;2018II;883;
BG341;2018III;906;
BG341;2018IV;948;
BG341;2018V;938;
BG341;2018VI;930;
BG341;2018VII;906;
BG341;2018VIII;909;
BG341;2018IX;940;
BG341;2018X;972;
BG341;2018XI;962;
BG341;2018XII;995;
BG341;2019I;961;
BG341;2019II;974;
BG341;2019III;998;
BG341;2019IV;1047;
BG341;2019V;1037;
BG341;2019VI;1004;
BG341;2019VII;990;
BG341;2019VIII;1000;
BG341;2019IX;1039;
BG341;2019X;1056;
BG341;2019XI;1060;
BG341;2019XII;1101;
BG341;2020I;1078;
BG341;2020II;1073;
BG341;2020III;1042;
BG341;2020IV;1050;
BG341;2020V;1096;
BG341;2020VI;1099;
BG341;2020VII;1104;
BG341;2020VIII;1096;
BG341;2020IX;1148;
BG342;2008I;383;
BG342;2008II;387;
BG342;2008III;419;
BG342;2008IV;389;
BG342;2008V;398;
BG342;2008VI;400;
BG342;2008VII;401;
BG342;2008VIII;401;
BG342;2008IX;428;
BG342;2008X;420;
BG342;2008XI;422;
BG342;2008XII;424;
BG342;2009I;436;
BG342;2009II;442;
BG342;2009III;454;
BG342;2009IV;459;
BG342;2009V;483;
BG342;2009VI;465;
BG342;2009VII;468;
BG342;2009VIII;469;
BG342;2009IX;496;
BG342;2009X;465;
BG342;2009XI;472;
BG342;2009XII;490;
BG342;2010I;477;
BG342;2010II;477;
BG342;2010III;499;
BG342;2010IV;514;
BG342;2010V;536;
BG342;2010VI;510;
BG342;2010VII;501;
BG342;2010VIII;492;
BG342;2010IX;517;
BG342;2010X;513;
BG342;2010XI;517;
BG342;2010XII;547;
BG342;2011I;500;
BG342;2011II;502;
BG342;2011III;524;
BG342;2011IV;522;
BG342;2011V;550;
BG342;2011VI;519;
BG342;2011VII;524;
BG342;2011VIII;515;
BG342;2011IX;548;
BG342;2011X;536;
BG342;2011XI;542;
BG342;2011XII;569;
BG342;2012I;516;
BG342;2012II;511;
BG342;2012III;533;
BG342;2012IV;547;
BG342;2012V;570;
BG342;2012VI;552;
BG342;2012VII;557;
BG342;2012VIII;545;
BG342;2012IX;575;
BG342;2012X;583;
BG342;2012XI;560;
BG342;2012XII;593;
BG342;2013I;565;
BG342;2013II;561;
BG342;2013III;576;
BG342;2013IV;594;
BG342;2013V;613;
BG342;2013VI;583;
BG342;2013VII;573;
BG342;2013VIII;571;
BG342;2013IX;598;
BG342;2013X;613;
BG342;2013XI;592;
BG342;2013XII;625;
BG342;2014I;604;
BG342;2014II;593;
BG342;2014III;616;
BG342;2014IV;632;
BG342;2014V;647;
BG342;2014VI;622;
BG342;2014VII;615;
BG342;2014VIII;615;
BG342;2014IX;621;
BG342;2014X;640;
BG342;2014XI;626;
BG342;2014XII;653;
BG342;2015I;658;
BG342;2015II;642;
BG342;2015III;652;
BG342;2015IV;670;
BG342;2015V;700;
BG342;2015VI;660;
BG342;2015VII;666;
BG342;2015VIII;656;
BG342;2015IX;683;
BG342;2015X;694;
BG342;2015XI;683;
BG342;2015XII;728;
BG342;2016I;688;
BG342;2016II;688;
BG342;2016III;712;
BG342;2016IV;722;
BG342;2016V;742;
BG342;2016VI;715;
BG342;2016VII;714;
BG342;2016VIII;699;
BG342;2016IX;738;
BG342;2016X;751;
BG342;2016XI;725;
BG342;2016XII;765;
BG342;2017I;709;
BG342;2017II;740;
BG342;2017III;752;
BG342;2017IV;777;
BG342;2017V;801;
BG342;2017VI;768;
BG342;2017VII;762;
BG342;2017VIII;753;
BG342;2017IX;803;
BG342;2017X;828;
BG342;2017XI;788;
BG342;2017XII;829;
BG342;2018I;805;
BG342;2018II;798;
BG342;2018III;826;
BG342;2018IV;863;
BG342;2018V;877;
BG342;2018VI;836;
BG342;2018VII;827;
BG342;2018VIII;817;
BG342;2018IX;871;
BG342;2018X;876;
BG342;2018XI;844;
BG342;2018XII;903;
BG342;2019I;905;
BG342;2019II;894;
BG342;2019III;921;
BG342;2019IV;926;
BG342;2019V;952;
BG342;2019VI;925;
BG342;2019VII;910;
BG342;2019VIII;898;
BG342;2019IX;963;
BG342;2019X;986;
BG342;2019XI;935;
BG342;2019XII;1015;
BG342;2020I;992;
BG342;2020II;995;
BG342;2020III;994;
BG342;2020IV;949;
BG342;2020V;1021;
BG342;2020VI;1018;
BG342;2020VII;1021;
BG342;2020VIII;991;
BG342;2020IX;1059;
BG344;2008I;471;
BG344;2008II;487;
BG344;2008III;550;
BG344;2008IV;501;
BG344;2008V;522;
BG344;2008VI;552;
BG344;2008VII;525;
BG344;2008VIII;535;
BG344;2008IX;590;
BG344;2008X;553;
BG344;2008XI;551;
BG344;2008XII;577;
BG344;2009I;574;
BG344;2009II;577;
BG344;2009III;642;
BG344;2009IV;603;
BG344;2009V;615;
BG344;2009VI;647;
BG344;2009VII;601;
BG344;2009VIII;607;
BG344;2009IX;620;
BG344;2009X;630;
BG344;2009XI;619;
BG344;2009XII;683;
BG344;2010I;625;
BG344;2010II;622;
BG344;2010III;679;
BG344;2010IV;650;
BG344;2010V;650;
BG344;2010VI;672;
BG344;2010VII;668;
BG344;2010VIII;644;
BG344;2010IX;697;
BG344;2010X;667;
BG344;2010XI;680;
BG344;2010XII;703;
BG344;2011I;651;
BG344;2011II;663;
BG344;2011III;716;
BG344;2011IV;694;
BG344;2011V;690;
BG344;2011VI;745;
BG344;2011VII;673;
BG344;2011VIII;696;
BG344;2011IX;748;
BG344;2011X;708;
BG344;2011XI;710;
BG344;2011XII;780;
BG344;2012I;736;
BG344;2012II;737;
BG344;2012III;800;
BG344;2012IV;753;
BG344;2012V;765;
BG344;2012VI;785;
BG344;2012VII;744;
BG344;2012VIII;757;
BG344;2012IX;831;
BG344;2012X;749;
BG344;2012XI;749;
BG344;2012XII;846;
BG344;2013I;735;
BG344;2013II;770;
BG344;2013III;800;
BG344;2013IV;753;
BG344;2013V;769;
BG344;2013VI;795;
BG344;2013VII;748;
BG344;2013VIII;745;
BG344;2013IX;835;
BG344;2013X;758;
BG344;2013XI;771;
BG344;2013XII;843;
BG344;2014I;762;
BG344;2014II;817;
BG344;2014III;863;
BG344;2014IV;838;
BG344;2014V;818;
BG344;2014VI;846;
BG344;2014VII;787;
BG344;2014VIII;790;
BG344;2014IX;866;
BG344;2014X;807;
BG344;2014XI;811;
BG344;2014XII;898;
BG344;2015I;814;
BG344;2015II;843;
BG344;2015III;910;
BG344;2015IV;854;
BG344;2015V;890;
BG344;2015VI;888;
BG344;2015VII;849;
BG344;2015VIII;851;
BG344;2015IX;898;
BG344;2015X;876;
BG344;2015XI;880;
BG344;2015XII;929;
BG344;2016I;882;
BG344;2016II;878;
BG344;2016III;931;
BG344;2016IV;926;
BG344;2016V;936;
BG344;2016VI;942;
BG344;2016VII;914;
BG344;2016VIII;907;
BG344;2016IX;951;
BG344;2016X;942;
BG344;2016XI;930;
BG344;2016XII;997;
BG344;2017I;928;
BG344;2017II;947;
BG344;2017III;1008;
BG344;2017IV;1006;
BG344;2017V;1010;
BG344;2017VI;1007;
BG344;2017VII;983;
BG344;2017VIII;990;
BG344;2017IX;1046;
BG344;2017X;1027;
BG344;2017XI;1040;
BG344;2017XII;1112;
BG344;2018I;1018;
BG344;2018II;1019;
BG344;2018III;1119;
BG344;2018IV;1082;
BG344;2018V;1088;
BG344;2018VI;1135;
BG344;2018VII;1076;
BG344;2018VIII;1066;
BG344;2018IX;1146;
BG344;2018X;1114;
BG344;2018XI;1104;
BG344;2018XII;1179;
BG344;2019I;1104;
BG344;2019II;1118;
BG344;2019III;1179;
BG344;2019IV;1166;
BG344;2019V;1163;
BG344;2019VI;1164;
BG344;2019VII;1153;
BG344;2019VIII;1147;
BG344;2019IX;1195;
BG344;2019X;1177;
BG344;2019XI;1203;
BG344;2019XII;1226;
BG344;2020I;1174;
BG344;2020II;1178;
BG344;2020III;1198;
BG344;2020IV;1174;
BG344;2020V;1212;
BG344;2020VI;1230;
BG344;2020VII;1207;
BG344;2020VIII;1181;
BG344;2020IX;1292;
BG343;2008I;370;
BG343;2008II;370;
BG343;2008III;374;
BG343;2008IV;379;
BG343;2008V;383;
BG343;2008VI;398;
BG343;2008VII;404;
BG343;2008VIII;400;
BG343;2008IX;435;
BG343;2008X;417;
BG343;2008XI;406;
BG343;2008XII;411;
BG343;2009I;440;
BG343;2009II;446;
BG343;2009III;466;
BG343;2009IV;465;
BG343;2009V;485;
BG343;2009VI;472;
BG343;2009VII;470;
BG343;2009VIII;463;
BG343;2009IX;516;
BG343;2009X;472;
BG343;2009XI;478;
BG343;2009XII;499;
BG343;2010I;462;
BG343;2010II;462;
BG343;2010III;480;
BG343;2010IV;498;
BG343;2010V;511;
BG343;2010VI;505;
BG343;2010VII;510;
BG343;2010VIII;495;
BG343;2010IX;512;
BG343;2010X;508;
BG343;2010XI;525;
BG343;2010XII;522;
BG343;2011I;503;
BG343;2011II;496;
BG343;2011III;516;
BG343;2011IV;515;
BG343;2011V;534;
BG343;2011VI;523;
BG343;2011VII;525;
BG343;2011VIII;502;
BG343;2011IX;538;
BG343;2011X;534;
BG343;2011XI;534;
BG343;2011XII;538;
BG343;2012I;517;
BG343;2012II;522;
BG343;2012III;538;
BG343;2012IV;541;
BG343;2012V;552;
BG343;2012VI;537;
BG343;2012VII;546;
BG343;2012VIII;532;
BG343;2012IX;561;
BG343;2012X;560;
BG343;2012XI;548;
BG343;2012XII;564;
BG343;2013I;560;
BG343;2013II;567;
BG343;2013III;576;
BG343;2013IV;592;
BG343;2013V;596;
BG343;2013VI;586;
BG343;2013VII;599;
BG343;2013VIII;572;
BG343;2013IX;606;
BG343;2013X;613;
BG343;2013XI;609;
BG343;2013XII;604;
BG343;2014I;576;
BG343;2014II;583;
BG343;2014III;593;
BG343;2014IV;603;
BG343;2014V;602;
BG343;2014VI;593;
BG343;2014VII;597;
BG343;2014VIII;580;
BG343;2014IX;608;
BG343;2014X;610;
BG343;2014XI;603;
BG343;2014XII;634;
BG343;2015I;653;
BG343;2015II;624;
BG343;2015III;639;
BG343;2015IV;652;
BG343;2015V;663;
BG343;2015VI;649;
BG343;2015VII;670;
BG343;2015VIII;663;
BG343;2015IX;682;
BG343;2015X;695;
BG343;2015XI;679;
BG343;2015XII;702;
BG343;2016I;663;
BG343;2016II;664;
BG343;2016III;682;
BG343;2016IV;692;
BG343;2016V;710;
BG343;2016VI;690;
BG343;2016VII;692;
BG343;2016VIII;676;
BG343;2016IX;691;
BG343;2016X;719;
BG343;2016XI;702;
BG343;2016XII;717;
BG343;2017I;764;
BG343;2017II;791;
BG343;2017III;813;
BG343;2017IV;766;
BG343;2017V;794;
BG343;2017VI;770;
BG343;2017VII;802;
BG343;2017VIII;786;
BG343;2017IX;818;
BG343;2017X;842;
BG343;2017XI;837;
BG343;2017XII;864;
BG343;2018I;840;
BG343;2018II;839;
BG343;2018III;880;
BG343;2018IV;908;
BG343;2018V;913;
BG343;2018VI;894;
BG343;2018VII;900;
BG343;2018VIII;890;
BG343;2018IX;911;
BG343;2018X;939;
BG343;2018XI;944;
BG343;2018XII;968;
BG343;2019I;910;
BG343;2019II;928;
BG343;2019III;953;
BG343;2019IV;963;
BG343;2019V;980;
BG343;2019VI;964;
BG343;2019VII;965;
BG343;2019VIII;956;
BG343;2019IX;1002;
BG343;2019X;1020;
BG343;2019XI;1001;
BG343;2019XII;1047;
BG343;2020I;1006;
BG343;2020II;1006;
BG343;2020III;1008;
BG343;2020IV;993;
BG343;2020V;1045;
BG343;2020VI;1064;
BG343;2020VII;1076;
BG343;2020VIII;1039;
BG343;2020IX;1099;
BG413;2008I;361;
BG413;2008II;365;
BG413;2008III;392;
BG413;2008IV;375;
BG413;2008V;376;
BG413;2008VI;411;
BG413;2008VII;380;
BG413;2008VIII;373;
BG413;2008IX;422;
BG413;2008X;401;
BG413;2008XI;408;
BG413;2008XII;445;
BG413;2009I;431;
BG413;2009II;436;
BG413;2009III;451;
BG413;2009IV;451;
BG413;2009V;461;
BG413;2009VI;467;
BG413;2009VII;455;
BG413;2009VIII;445;
BG413;2009IX;483;
BG413;2009X;465;
BG413;2009XI;463;
BG413;2009XII;482;
BG413;2010I;467;
BG413;2010II;464;
BG413;2010III;493;
BG413;2010IV;478;
BG413;2010V;483;
BG413;2010VI;496;
BG413;2010VII;479;
BG413;2010VIII;473;
BG413;2010IX;499;
BG413;2010X;493;
BG413;2010XI;492;
BG413;2010XII;531;
BG413;2011I;482;
BG413;2011II;482;
BG413;2011III;516;
BG413;2011IV;507;
BG413;2011V;507;
BG413;2011VI;515;
BG413;2011VII;504;
BG413;2011VIII;501;
BG413;2011IX;525;
BG413;2011X;533;
BG413;2011XI;521;
BG413;2011XII;535;
BG413;2012I;515;
BG413;2012II;511;
BG413;2012III;544;
BG413;2012IV;536;
BG413;2012V;550;
BG413;2012VI;544;
BG413;2012VII;541;
BG413;2012VIII;536;
BG413;2012IX;539;
BG413;2012X;562;
BG413;2012XI;551;
BG413;2012XII;568;
BG413;2013I;537;
BG413;2013II;531;
BG413;2013III;552;
BG413;2013IV;551;
BG413;2013V;554;
BG413;2013VI;551;
BG413;2013VII;552;
BG413;2013VIII;545;
BG413;2013IX;555;
BG413;2013X;564;
BG413;2013XI;559;
BG413;2013XII;581;
BG413;2014I;570;
BG413;2014II;569;
BG413;2014III;592;
BG413;2014IV;582;
BG413;2014V;578;
BG413;2014VI;569;
BG413;2014VII;579;
BG413;2014VIII;568;
BG413;2014IX;582;
BG413;2014X;595;
BG413;2014XI;584;
BG413;2014XII;612;
BG413;2015I;595;
BG413;2015II;589;
BG413;2015III;607;
BG413;2015IV;611;
BG413;2015V;610;
BG413;2015VI;603;
BG413;2015VII;604;
BG413;2015VIII;600;
BG413;2015IX;602;
BG413;2015X;625;
BG413;2015XI;622;
BG413;2015XII;647;
BG413;2016I;634;
BG413;2016II;632;
BG413;2016III;639;
BG413;2016IV;649;
BG413;2016V;653;
BG413;2016VI;668;
BG413;2016VII;657;
BG413;2016VIII;644;
BG413;2016IX;660;
BG413;2016X;684;
BG413;2016XI;665;
BG413;2016XII;692;
BG413;2017I;663;
BG413;2017II;668;
BG413;2017III;686;
BG413;2017IV;690;
BG413;2017V;698;
BG413;2017VI;695;
BG413;2017VII;704;
BG413;2017VIII;688;
BG413;2017IX;719;
BG413;2017X;733;
BG413;2017XI;715;
BG413;2017XII;735;
BG413;2018I;722;
BG413;2018II;713;
BG413;2018III;729;
BG413;2018IV;742;
BG413;2018V;744;
BG413;2018VI;743;
BG413;2018VII;752;
BG413;2018VIII;731;
BG413;2018IX;747;
BG413;2018X;773;
BG413;2018XI;748;
BG413;2018XII;793;
BG413;2019I;772;
BG413;2019II;778;
BG413;2019III;787;
BG413;2019IV;816;
BG413;2019V;810;
BG413;2019VI;800;
BG413;2019VII;817;
BG413;2019VIII;802;
BG413;2019IX;826;
BG413;2019X;855;
BG413;2019XI;821;
BG413;2019XII;851;
BG413;2020I;879;
BG413;2020II;878;
BG413;2020III;842;
BG413;2020IV;857;
BG413;2020V;890;
BG413;2020VI;910;
BG413;2020VII;921;
BG413;2020VIII;904;
BG413;2020IX;942;
BG415;2008I;389;
BG415;2008II;392;
BG415;2008III;402;
BG415;2008IV;409;
BG415;2008V;423;
BG415;2008VI;427;
BG415;2008VII;409;
BG415;2008VIII;413;
BG415;2008IX;439;
BG415;2008X;434;
BG415;2008XI;437;
BG415;2008XII;483;
BG415;2009I;445;
BG415;2009II;450;
BG415;2009III;462;
BG415;2009IV;460;
BG415;2009V;472;
BG415;2009VI;458;
BG415;2009VII;468;
BG415;2009VIII;458;
BG415;2009IX;482;
BG415;2009X;472;
BG415;2009XI;472;
BG415;2009XII;513;
BG415;2010I;466;
BG415;2010II;470;
BG415;2010III;481;
BG415;2010IV;486;
BG415;2010V;502;
BG415;2010VI;488;
BG415;2010VII;496;
BG415;2010VIII;489;
BG415;2010IX;501;
BG415;2010X;495;
BG415;2010XI;500;
BG415;2010XII;527;
BG415;2011I;486;
BG415;2011II;480;
BG415;2011III;496;
BG415;2011IV;508;
BG415;2011V;515;
BG415;2011VI;504;
BG415;2011VII;511;
BG415;2011VIII;526;
BG415;2011IX;537;
BG415;2011X;544;
BG415;2011XI;539;
BG415;2011XII;549;
BG415;2012I;513;
BG415;2012II;498;
BG415;2012III;523;
BG415;2012IV;541;
BG415;2012V;552;
BG415;2012VI;542;
BG415;2012VII;534;
BG415;2012VIII;540;
BG415;2012IX;560;
BG415;2012X;571;
BG415;2012XI;561;
BG415;2012XII;578;
BG415;2013I;562;
BG415;2013II;549;
BG415;2013III;556;
BG415;2013IV;568;
BG415;2013V;590;
BG415;2013VI;560;
BG415;2013VII;546;
BG415;2013VIII;553;
BG415;2013IX;570;
BG415;2013X;599;
BG415;2013XI;588;
BG415;2013XII;604;
BG415;2014I;597;
BG415;2014II;598;
BG415;2014III;604;
BG415;2014IV;619;
BG415;2014V;618;
BG415;2014VI;601;
BG415;2014VII;599;
BG415;2014VIII;588;
BG415;2014IX;603;
BG415;2014X;619;
BG415;2014XI;613;
BG415;2014XII;632;
BG415;2015I;628;
BG415;2015II;595;
BG415;2015III;644;
BG415;2015IV;612;
BG415;2015V;628;
BG415;2015VI;611;
BG415;2015VII;609;
BG415;2015VIII;604;
BG415;2015IX;624;
BG415;2015X;621;
BG415;2015XI;623;
BG415;2015XII;647;
BG415;2016I;686;
BG415;2016II;647;
BG415;2016III;699;
BG415;2016IV;676;
BG415;2016V;678;
BG415;2016VI;664;
BG415;2016VII;663;
BG415;2016VIII;652;
BG415;2016IX;682;
BG415;2016X;674;
BG415;2016XI;675;
BG415;2016XII;700;
BG415;2017I;709;
BG415;2017II;673;
BG415;2017III;737;
BG415;2017IV;713;
BG415;2017V;712;
BG415;2017VI;695;
BG415;2017VII;703;
BG415;2017VIII;690;
BG415;2017IX;726;
BG415;2017X;741;
BG415;2017XI;727;
BG415;2017XII;763;
BG415;2018I;741;
BG415;2018II;751;
BG415;2018III;771;
BG415;2018IV;791;
BG415;2018V;796;
BG415;2018VI;779;
BG415;2018VII;780;
BG415;2018VIII;770;
BG415;2018IX;800;
BG415;2018X;808;
BG415;2018XI;786;
BG415;2018XII;820;
BG415;2019I;817;
BG415;2019II;841;
BG415;2019III;876;
BG415;2019IV;878;
BG415;2019V;887;
BG415;2019VI;870;
BG415;2019VII;866;
BG415;2019VIII;852;
BG415;2019IX;887;
BG415;2019X;917;
BG415;2019XI;892;
BG415;2019XII;933;
BG415;2020I;923;
BG415;2020II;921;
BG415;2020III;904;
BG415;2020IV;913;
BG415;2020V;971;
BG415;2020VI;983;
BG415;2020VII;987;
BG415;2020VIII;962;
BG415;2020IX;1015;
BG414;2008I;440;
BG414;2008II;439;
BG414;2008III;433;
BG414;2008IV;437;
BG414;2008V;472;
BG414;2008VI;480;
BG414;2008VII;456;
BG414;2008VIII;461;
BG414;2008IX;474;
BG414;2008X;500;
BG414;2008XI;470;
BG414;2008XII;479;
BG414;2009I;482;
BG414;2009II;475;
BG414;2009III;479;
BG414;2009IV;480;
BG414;2009V;494;
BG414;2009VI;480;
BG414;2009VII;477;
BG414;2009VIII;474;
BG414;2009IX;492;
BG414;2009X;490;
BG414;2009XI;503;
BG414;2009XII;497;
BG414;2010I;500;
BG414;2010II;487;
BG414;2010III;493;
BG414;2010IV;507;
BG414;2010V;517;
BG414;2010VI;502;
BG414;2010VII;515;
BG414;2010VIII;523;
BG414;2010IX;532;
BG414;2010X;527;
BG414;2010XI;531;
BG414;2010XII;543;
BG414;2011I;543;
BG414;2011II;535;
BG414;2011III;566;
BG414;2011IV;573;
BG414;2011V;566;
BG414;2011VI;552;
BG414;2011VII;539;
BG414;2011VIII;542;
BG414;2011IX;555;
BG414;2011X;566;
BG414;2011XI;608;
BG414;2011XII;585;
BG414;2012I;522;
BG414;2012II;508;
BG414;2012III;532;
BG414;2012IV;551;
BG414;2012V;554;
BG414;2012VI;555;
BG414;2012VII;575;
BG414;2012VIII;548;
BG414;2012IX;575;
BG414;2012X;572;
BG414;2012XI;569;
BG414;2012XII;575;
BG414;2013I;546;
BG414;2013II;540;
BG414;2013III;567;
BG414;2013IV;564;
BG414;2013V;591;
BG414;2013VI;564;
BG414;2013VII;568;
BG414;2013VIII;559;
BG414;2013IX;585;
BG414;2013X;591;
BG414;2013XI;580;
BG414;2013XII;595;
BG414;2014I;568;
BG414;2014II;565;
BG414;2014III;591;
BG414;2014IV;598;
BG414;2014V;603;
BG414;2014VI;581;
BG414;2014VII;591;
BG414;2014VIII;587;
BG414;2014IX;600;
BG414;2014X;618;
BG414;2014XI;614;
BG414;2014XII;652;
BG414;2015I;614;
BG414;2015II;608;
BG414;2015III;620;
BG414;2015IV;632;
BG414;2015V;642;
BG414;2015VI;631;
BG414;2015VII;642;
BG414;2015VIII;645;
BG414;2015IX;666;
BG414;2015X;666;
BG414;2015XI;658;
BG414;2015XII;689;
BG414;2016I;671;
BG414;2016II;666;
BG414;2016III;692;
BG414;2016IV;698;
BG414;2016V;724;
BG414;2016VI;692;
BG414;2016VII;698;
BG414;2016VIII;682;
BG414;2016IX;701;
BG414;2016X;718;
BG414;2016XI;745;
BG414;2016XII;742;
BG414;2017I;703;
BG414;2017II;717;
BG414;2017III;741;
BG414;2017IV;768;
BG414;2017V;772;
BG414;2017VI;749;
BG414;2017VII;750;
BG414;2017VIII;750;
BG414;2017IX;786;
BG414;2017X;781;
BG414;2017XI;770;
BG414;2017XII;821;
BG414;2018I;825;
BG414;2018II;828;
BG414;2018III;860;
BG414;2018IV;909;
BG414;2018V;879;
BG414;2018VI;872;
BG414;2018VII;882;
BG414;2018VIII;844;
BG414;2018IX;887;
BG414;2018X;886;
BG414;2018XI;890;
BG414;2018XII;942;
BG414;2019I;904;
BG414;2019II;934;
BG414;2019III;954;
BG414;2019IV;1016;
BG414;2019V;998;
BG414;2019VI;1005;
BG414;2019VII;976;
BG414;2019VIII;954;
BG414;2019IX;1002;
BG414;2019X;1027;
BG414;2019XI;1000;
BG414;2019XII;1125;
BG414;2020I;966;
BG414;2020II;968;
BG414;2020III;947;
BG414;2020IV;957;
BG414;2020V;971;
BG414;2020VI;960;
BG414;2020VII;1004;
BG414;2020VIII;969;
BG414;2020IX;999;
BG412;2008I;480;
BG412;2008II;485;
BG412;2008III;516;
BG412;2008IV;513;
BG412;2008V;542;
BG412;2008VI;539;
BG412;2008VII;517;
BG412;2008VIII;527;
BG412;2008IX;572;
BG412;2008X;542;
BG412;2008XI;561;
BG412;2008XII;568;
BG412;2009I;549;
BG412;2009II;552;
BG412;2009III;568;
BG412;2009IV;574;
BG412;2009V;589;
BG412;2009VI;586;
BG412;2009VII;579;
BG412;2009VIII;565;
BG412;2009IX;595;
BG412;2009X;577;
BG412;2009XI;614;
BG412;2009XII;612;
BG412;2010I;555;
BG412;2010II;552;
BG412;2010III;583;
BG412;2010IV;575;
BG412;2010V;595;
BG412;2010VI;578;
BG412;2010VII;565;
BG412;2010VIII;558;
BG412;2010IX;594;
BG412;2010X;577;
BG412;2010XI;583;
BG412;2010XII;640;
BG412;2011I;678;
BG412;2011II;694;
BG412;2011III;739;
BG412;2011IV;733;
BG412;2011V;752;
BG412;2011VI;723;
BG412;2011VII;712;
BG412;2011VIII;701;
BG412;2011IX;774;
BG412;2011X;723;
BG412;2011XI;769;
BG412;2011XII;768;
BG412;2012I;693;
BG412;2012II;715;
BG412;2012III;770;
BG412;2012IV;746;
BG412;2012V;753;
BG412;2012VI;751;
BG412;2012VII;719;
BG412;2012VIII;727;
BG412;2012IX;802;
BG412;2012X;746;
BG412;2012XI;811;
BG412;2012XII;800;
BG412;2013I;751;
BG412;2013II;733;
BG412;2013III;774;
BG412;2013IV;744;
BG412;2013V;789;
BG412;2013VI;785;
BG412;2013VII;758;
BG412;2013VIII;750;
BG412;2013IX;772;
BG412;2013X;762;
BG412;2013XI;769;
BG412;2013XII;817;
BG412;2014I;848;
BG412;2014II;805;
BG412;2014III;811;
BG412;2014IV;853;
BG412;2014V;829;
BG412;2014VI;810;
BG412;2014VII;850;
BG412;2014VIII;803;
BG412;2014IX;819;
BG412;2014X;861;
BG412;2014XI;833;
BG412;2014XII;877;
BG412;2015I;853;
BG412;2015II;834;
BG412;2015III;846;
BG412;2015IV;899;
BG412;2015V;868;
BG412;2015VI;850;
BG412;2015VII;883;
BG412;2015VIII;842;
BG412;2015IX;855;
BG412;2015X;906;
BG412;2015XI;900;
BG412;2015XII;932;
BG412;2016I;862;
BG412;2016II;877;
BG412;2016III;879;
BG412;2016IV;925;
BG412;2016V;941;
BG412;2016VI;891;
BG412;2016VII;905;
BG412;2016VIII;876;
BG412;2016IX;916;
BG412;2016X;936;
BG412;2016XI;913;
BG412;2016XII;953;
BG412;2017I;966;
BG412;2017II;986;
BG412;2017III;994;
BG412;2017IV;1058;
BG412;2017V;1013;
BG412;2017VI;996;
BG412;2017VII;1007;
BG412;2017VIII;976;
BG412;2017IX;1061;
BG412;2017X;1063;
BG412;2017XI;1046;
BG412;2017XII;1110;
BG412;2018I;1101;
BG412;2018II;1037;
BG412;2018III;1084;
BG412;2018IV;1157;
BG412;2018V;1121;
BG412;2018VI;1077;
BG412;2018VII;1116;
BG412;2018VIII;1057;
BG412;2018IX;1153;
BG412;2018X;1161;
BG412;2018XI;1100;
BG412;2018XII;1172;
BG412;2019I;1156;
BG412;2019II;1115;
BG412;2019III;1145;
BG412;2019IV;1227;
BG412;2019V;1194;
BG412;2019VI;1170;
BG412;2019VII;1173;
BG412;2019VIII;1119;
BG412;2019IX;1187;
BG412;2019X;1181;
BG412;2019XI;1190;
BG412;2019XII;1226;
BG412;2020I;1298;
BG412;2020II;1241;
BG412;2020III;1209;
BG412;2020IV;1265;
BG412;2020V;1248;
BG412;2020VI;1228;
BG412;2020VII;1309;
BG412;2020VIII;1269;
BG412;2020IX;1314;
BG411;2008I;695;
BG411;2008II;663;
BG411;2008III;709;
BG411;2008IV;783;
BG411;2008V;706;
BG411;2008VI;726;
BG411;2008VII;731;
BG411;2008VIII;711;
BG411;2008IX;736;
BG411;2008X;745;
BG411;2008XI;768;
BG411;2008XII;818;
BG411;2009I;770;
BG411;2009II;753;
BG411;2009III;801;
BG411;2009IV;838;
BG411;2009V;795;
BG411;2009VI;806;
BG411;2009VII;800;
BG411;2009VIII;788;
BG411;2009IX;796;
BG411;2009X;807;
BG411;2009XI;820;
BG411;2009XII;867;
BG411;2010I;824;
BG411;2010II;821;
BG411;2010III;858;
BG411;2010IV;869;
BG411;2010V;845;
BG411;2010VI;849;
BG411;2010VII;848;
BG411;2010VIII;839;
BG411;2010IX;851;
BG411;2010X;863;
BG411;2010XI;893;
BG411;2010XII;937;
BG411;2011I;902;
BG411;2011II;905;
BG411;2011III;928;
BG411;2011IV;990;
BG411;2011V;946;
BG411;2011VI;946;
BG411;2011VII;961;
BG411;2011VIII;936;
BG411;2011IX;947;
BG411;2011X;958;
BG411;2011XI;991;
BG411;2011XII;1050;
BG411;2012I;957;
BG411;2012II;958;
BG411;2012III;993;
BG411;2012IV;1009;
BG411;2012V;983;
BG411;2012VI;990;
BG411;2012VII;986;
BG411;2012VIII;974;
BG411;2012IX;985;
BG411;2012X;1020;
BG411;2012XI;1023;
BG411;2012XII;1069;
BG411;2013I;1021;
BG411;2013II;1002;
BG411;2013III;1047;
BG411;2013IV;1079;
BG411;2013V;1043;
BG411;2013VI;1041;
BG411;2013VII;1079;
BG411;2013VIII;1030;
BG411;2013IX;1051;
BG411;2013X;1084;
BG411;2013XI;1078;
BG411;2013XII;1118;
BG411;2014I;1071;
BG411;2014II;1033;
BG411;2014III;1092;
BG411;2014IV;1122;
BG411;2014V;1092;
BG411;2014VI;1083;
BG411;2014VII;1109;
BG411;2014VIII;1063;
BG411;2014IX;1088;
BG411;2014X;1119;
BG411;2014XI;1105;
BG411;2014XII;1150;
BG411;2015I;1184;
BG411;2015II;1146;
BG411;2015III;1219;
BG411;2015IV;1252;
BG411;2015V;1187;
BG411;2015VI;1205;
BG411;2015VII;1220;
BG411;2015VIII;1176;
BG411;2015IX;1209;
BG411;2015X;1236;
BG411;2015XI;1237;
BG411;2015XII;1281;
BG411;2016I;1229;
BG411;2016II;1196;
BG411;2016III;1264;
BG411;2016IV;1300;
BG411;2016V;1246;
BG411;2016VI;1253;
BG411;2016VII;1272;
BG411;2016VIII;1233;
BG411;2016IX;1265;
BG411;2016X;1304;
BG411;2016XI;1293;
BG411;2016XII;1355;
BG411;2017I;1374;
BG411;2017II;1335;
BG411;2017III;1417;
BG411;2017IV;1458;
BG411;2017V;1395;
BG411;2017VI;1401;
BG411;2017VII;1433;
BG411;2017VIII;1366;
BG411;2017IX;1436;
BG411;2017X;1468;
BG411;2017XI;1452;
BG411;2017XII;1528;
BG411;2018I;1460;
BG411;2018II;1404;
BG411;2018III;1505;
BG411;2018IV;1567;
BG411;2018V;1478;
BG411;2018VI;1509;
BG411;2018VII;1527;
BG411;2018VIII;1472;
BG411;2018IX;1513;
BG411;2018X;1550;
BG411;2018XI;1551;
BG411;2018XII;1646;
BG411;2019I;1643;
BG411;2019II;1602;
BG411;2019III;1724;
BG411;2019IV;1771;
BG411;2019V;1685;
BG411;2019VI;1730;
BG411;2019VII;1735;
BG411;2019VIII;1665;
BG411;2019IX;1711;
BG411;2019X;1756;
BG411;2019XI;1745;
BG411;2019XII;1843;
BG411;2020I;1809;
BG411;2020II;1766;
BG411;2020III;1841;
BG411;2020IV;1827;
BG411;2020V;1801;
BG411;2020VI;1838;
BG411;2020VII;1897;
BG411;2020VIII;1799;
BG411;2020IX;1868;
BG425;2008I;378;
BG425;2008II;375;
BG425;2008III;379;
BG425;2008IV;387;
BG425;2008V;389;
BG425;2008VI;395;
BG425;2008VII;398;
BG425;2008VIII;398;
BG425;2008IX;428;
BG425;2008X;417;
BG425;2008XI;416;
BG425;2008XII;419;
BG425;2009I;430;
BG425;2009II;429;
BG425;2009III;444;
BG425;2009IV;441;
BG425;2009V;450;
BG425;2009VI;442;
BG425;2009VII;447;
BG425;2009VIII;443;
BG425;2009IX;482;
BG425;2009X;457;
BG425;2009XI;456;
BG425;2009XII;479;
BG425;2010I;445;
BG425;2010II;440;
BG425;2010III;456;
BG425;2010IV;466;
BG425;2010V;483;
BG425;2010VI;470;
BG425;2010VII;475;
BG425;2010VIII;461;
BG425;2010IX;483;
BG425;2010X;481;
BG425;2010XI;481;
BG425;2010XII;493;
BG425;2011I;454;
BG425;2011II;465;
BG425;2011III;473;
BG425;2011IV;480;
BG425;2011V;496;
BG425;2011VI;480;
BG425;2011VII;471;
BG425;2011VIII;475;
BG425;2011IX;490;
BG425;2011X;504;
BG425;2011XI;508;
BG425;2011XII;525;
BG425;2012I;483;
BG425;2012II;481;
BG425;2012III;509;
BG425;2012IV;530;
BG425;2012V;524;
BG425;2012VI;525;
BG425;2012VII;519;
BG425;2012VIII;512;
BG425;2012IX;512;
BG425;2012X;534;
BG425;2012XI;540;
BG425;2012XII;535;
BG425;2013I;540;
BG425;2013II;545;
BG425;2013III;569;
BG425;2013IV;570;
BG425;2013V;574;
BG425;2013VI;582;
BG425;2013VII;571;
BG425;2013VIII;556;
BG425;2013IX;577;
BG425;2013X;599;
BG425;2013XI;591;
BG425;2013XII;613;
BG425;2014I;579;
BG425;2014II;569;
BG425;2014III;586;
BG425;2014IV;606;
BG425;2014V;619;
BG425;2014VI;616;
BG425;2014VII;603;
BG425;2014VIII;604;
BG425;2014IX;626;
BG425;2014X;625;
BG425;2014XI;630;
BG425;2014XII;635;
BG425;2015I;608;
BG425;2015II;588;
BG425;2015III;608;
BG425;2015IV;622;
BG425;2015V;628;
BG425;2015VI;625;
BG425;2015VII;617;
BG425;2015VIII;622;
BG425;2015IX;645;
BG425;2015X;658;
BG425;2015XI;672;
BG425;2015XII;683;
BG425;2016I;651;
BG425;2016II;658;
BG425;2016III;681;
BG425;2016IV;690;
BG425;2016V;697;
BG425;2016VI;692;
BG425;2016VII;682;
BG425;2016VIII;675;
BG425;2016IX;702;
BG425;2016X;724;
BG425;2016XI;725;
BG425;2016XII;755;
BG425;2017I;664;
BG425;2017II;705;
BG425;2017III;724;
BG425;2017IV;738;
BG425;2017V;745;
BG425;2017VI;797;
BG425;2017VII;739;
BG425;2017VIII;717;
BG425;2017IX;778;
BG425;2017X;797;
BG425;2017XI;832;
BG425;2017XII;859;
BG425;2018I;799;
BG425;2018II;784;
BG425;2018III;813;
BG425;2018IV;896;
BG425;2018V;837;
BG425;2018VI;852;
BG425;2018VII;829;
BG425;2018VIII;871;
BG425;2018IX;847;
BG425;2018X;864;
BG425;2018XI;849;
BG425;2018XII;920;
BG425;2019I;872;
BG425;2019II;889;
BG425;2019III;920;
BG425;2019IV;935;
BG425;2019V;934;
BG425;2019VI;935;
BG425;2019VII;913;
BG425;2019VIII;907;
BG425;2019IX;945;
BG425;2019X;978;
BG425;2019XI;966;
BG425;2019XII;989;
BG425;2020I;1016;
BG425;2020II;1026;
BG425;2020III;1014;
BG425;2020IV;983;
BG425;2020V;996;
BG425;2020VI;1017;
BG425;2020VII;1035;
BG425;2020VIII;1039;
BG425;2020IX;1122;
BG423;2008I;400;
BG423;2008II;401;
BG423;2008III;423;
BG423;2008IV;420;
BG423;2008V;445;
BG423;2008VI;443;
BG423;2008VII;435;
BG423;2008VIII;435;
BG423;2008IX;458;
BG423;2008X;449;
BG423;2008XI;443;
BG423;2008XII;446;
BG423;2009I;445;
BG423;2009II;430;
BG423;2009III;456;
BG423;2009IV;456;
BG423;2009V;484;
BG423;2009VI;476;
BG423;2009VII;473;
BG423;2009VIII;469;
BG423;2009IX;485;
BG423;2009X;483;
BG423;2009XI;479;
BG423;2009XII;504;
BG423;2010I;469;
BG423;2010II;478;
BG423;2010III;481;
BG423;2010IV;495;
BG423;2010V;526;
BG423;2010VI;497;
BG423;2010VII;512;
BG423;2010VIII;503;
BG423;2010IX;526;
BG423;2010X;511;
BG423;2010XI;536;
BG423;2010XII;548;
BG423;2011I;490;
BG423;2011II;486;
BG423;2011III;537;
BG423;2011IV;511;
BG423;2011V;521;
BG423;2011VI;513;
BG423;2011VII;525;
BG423;2011VIII;510;
BG423;2011IX;531;
BG423;2011X;534;
BG423;2011XI;555;
BG423;2011XII;566;
BG423;2012I;535;
BG423;2012II;528;
BG423;2012III;585;
BG423;2012IV;563;
BG423;2012V;604;
BG423;2012VI;568;
BG423;2012VII;576;
BG423;2012VIII;560;
BG423;2012IX;599;
BG423;2012X;585;
BG423;2012XI;616;
BG423;2012XII;626;
BG423;2013I;590;
BG423;2013II;583;
BG423;2013III;636;
BG423;2013IV;605;
BG423;2013V;624;
BG423;2013VI;611;
BG423;2013VII;629;
BG423;2013VIII;601;
BG423;2013IX;631;
BG423;2013X;630;
BG423;2013XI;651;
BG423;2013XII;654;
BG423;2014I;623;
BG423;2014II;616;
BG423;2014III;675;
BG423;2014IV;644;
BG423;2014V;648;
BG423;2014VI;676;
BG423;2014VII;670;
BG423;2014VIII;629;
BG423;2014IX;657;
BG423;2014X;639;
BG423;2014XI;678;
BG423;2014XII;689;
BG423;2015I;639;
BG423;2015II;648;
BG423;2015III;647;
BG423;2015IV;652;
BG423;2015V;659;
BG423;2015VI;682;
BG423;2015VII;678;
BG423;2015VIII;644;
BG423;2015IX;672;
BG423;2015X;668;
BG423;2015XI;685;
BG423;2015XII;721;
BG423;2016I;695;
BG423;2016II;699;
BG423;2016III;738;
BG423;2016IV;721;
BG423;2016V;746;
BG423;2016VI;798;
BG423;2016VII;741;
BG423;2016VIII;721;
BG423;2016IX;750;
BG423;2016X;739;
BG423;2016XI;755;
BG423;2016XII;809;
BG423;2017I;748;
BG423;2017II;758;
BG423;2017III;809;
BG423;2017IV;795;
BG423;2017V;852;
BG423;2017VI;786;
BG423;2017VII;814;
BG423;2017VIII;786;
BG423;2017IX;826;
BG423;2017X;839;
BG423;2017XI;853;
BG423;2017XII;886;
BG423;2018I;810;
BG423;2018II;831;
BG423;2018III;838;
BG423;2018IV;906;
BG423;2018V;862;
BG423;2018VI;859;
BG423;2018VII;878;
BG423;2018VIII;845;
BG423;2018IX;908;
BG423;2018X;887;
BG423;2018XI;907;
BG423;2018XII;946;
BG423;2019I;907;
BG423;2019II;927;
BG423;2019III;985;
BG423;2019IV;1074;
BG423;2019V;970;
BG423;2019VI;941;
BG423;2019VII;933;
BG423;2019VIII;938;
BG423;2019IX;976;
BG423;2019X;994;
BG423;2019XI;999;
BG423;2019XII;1045;
BG423;2020I;1028;
BG423;2020II;1032;
BG423;2020III;999;
BG423;2020IV;1070;
BG423;2020V;1047;
BG423;2020VI;1057;
BG423;2020VII;1071;
BG423;2020VIII;1069;
BG423;2020IX;1117;
BG421;2008I;426;
BG421;2008II;442;
BG421;2008III;453;
BG421;2008IV;459;
BG421;2008V;461;
BG421;2008VI;463;
BG421;2008VII;461;
BG421;2008VIII;465;
BG421;2008IX;485;
BG421;2008X;486;
BG421;2008XI;498;
BG421;2008XII;502;
BG421;2009I;497;
BG421;2009II;497;
BG421;2009III;520;
BG421;2009IV;519;
BG421;2009V;520;
BG421;2009VI;520;
BG421;2009VII;511;
BG421;2009VIII;512;
BG421;2009IX;524;
BG421;2009X;527;
BG421;2009XI;546;
BG421;2009XII;545;
BG421;2010I;532;
BG421;2010II;536;
BG421;2010III;552;
BG421;2010IV;550;
BG421;2010V;559;
BG421;2010VI;559;
BG421;2010VII;558;
BG421;2010VIII;553;
BG421;2010IX;568;
BG421;2010X;571;
BG421;2010XI;601;
BG421;2010XII;587;
BG421;2011I;560;
BG421;2011II;556;
BG421;2011III;583;
BG421;2011IV;586;
BG421;2011V;592;
BG421;2011VI;579;
BG421;2011VII;588;
BG421;2011VIII;588;
BG421;2011IX;597;
BG421;2011X;606;
BG421;2011XI;633;
BG421;2011XII;636;
BG421;2012I;597;
BG421;2012II;613;
BG421;2012III;631;
BG421;2012IV;626;
BG421;2012V;637;
BG421;2012VI;629;
BG421;2012VII;637;
BG421;2012VIII;631;
BG421;2012IX;643;
BG421;2012X;652;
BG421;2012XI;666;
BG421;2012XII;678;
BG421;2013I;629;
BG421;2013II;624;
BG421;2013III;657;
BG421;2013IV;654;
BG421;2013V;672;
BG421;2013VI;650;
BG421;2013VII;654;
BG421;2013VIII;650;
BG421;2013IX;657;
BG421;2013X;676;
BG421;2013XI;681;
BG421;2013XII;696;
BG421;2014I;693;
BG421;2014II;682;
BG421;2014III;709;
BG421;2014IV;723;
BG421;2014V;720;
BG421;2014VI;705;
BG421;2014VII;721;
BG421;2014VIII;702;
BG421;2014IX;726;
BG421;2014X;732;
BG421;2014XI;741;
BG421;2014XII;759;
BG421;2015I;727;
BG421;2015II;721;
BG421;2015III;756;
BG421;2015IV;763;
BG421;2015V;752;
BG421;2015VI;761;
BG421;2015VII;760;
BG421;2015VIII;750;
BG421;2015IX;773;
BG421;2015X;792;
BG421;2015XI;796;
BG421;2015XII;823;
BG421;2016I;801;
BG421;2016II;795;
BG421;2016III;826;
BG421;2016IV;843;
BG421;2016V;844;
BG421;2016VI;832;
BG421;2016VII;844;
BG421;2016VIII;832;
BG421;2016IX;847;
BG421;2016X;858;
BG421;2016XI;861;
BG421;2016XII;872;
BG421;2017I;868;
BG421;2017II;870;
BG421;2017III;912;
BG421;2017IV;910;
BG421;2017V;916;
BG421;2017VI;913;
BG421;2017VII;927;
BG421;2017VIII;901;
BG421;2017IX;943;
BG421;2017X;947;
BG421;2017XI;975;
BG421;2017XII;967;
BG421;2018I;943;
BG421;2018II;928;
BG421;2018III;978;
BG421;2018IV;989;
BG421;2018V;980;
BG421;2018VI;990;
BG421;2018VII;994;
BG421;2018VIII;969;
BG421;2018IX;1009;
BG421;2018X;1013;
BG421;2018XI;1018;
BG421;2018XII;1042;
BG421;2019I;1035;
BG421;2019II;1028;
BG421;2019III;1071;
BG421;2019IV;1108;
BG421;2019V;1090;
BG421;2019VI;1082;
BG421;2019VII;1091;
BG421;2019VIII;1071;
BG421;2019IX;1100;
BG421;2019X;1126;
BG421;2019XI;1144;
BG421;2019XII;1174;
BG421;2020I;1139;
BG421;2020II;1134;
BG421;2020III;1113;
BG421;2020IV;1117;
BG421;2020V;1153;
BG421;2020VI;1177;
BG421;2020VII;1206;
BG421;2020VIII;1181;
BG421;2020IX;1237;
BG424;2008I;383;
BG424;2008II;378;
BG424;2008III;390;
BG424;2008IV;401;
BG424;2008V;402;
BG424;2008VI;401;
BG424;2008VII;413;
BG424;2008VIII;416;
BG424;2008IX;439;
BG424;2008X;423;
BG424;2008XI;413;
BG424;2008XII;410;
BG424;2009I;417;
BG424;2009II;426;
BG424;2009III;441;
BG424;2009IV;444;
BG424;2009V;457;
BG424;2009VI;457;
BG424;2009VII;462;
BG424;2009VIII;468;
BG424;2009IX;488;
BG424;2009X;457;
BG424;2009XI;445;
BG424;2009XII;454;
BG424;2010I;491;
BG424;2010II;475;
BG424;2010III;504;
BG424;2010IV;480;
BG424;2010V;493;
BG424;2010VI;486;
BG424;2010VII;486;
BG424;2010VIII;474;
BG424;2010IX;491;
BG424;2010X;498;
BG424;2010XI;494;
BG424;2010XII;496;
BG424;2011I;483;
BG424;2011II;475;
BG424;2011III;499;
BG424;2011IV;505;
BG424;2011V;520;
BG424;2011VI;518;
BG424;2011VII;507;
BG424;2011VIII;508;
BG424;2011IX;526;
BG424;2011X;518;
BG424;2011XI;528;
BG424;2011XII;525;
BG424;2012I;507;
BG424;2012II;499;
BG424;2012III;526;
BG424;2012IV;531;
BG424;2012V;551;
BG424;2012VI;557;
BG424;2012VII;541;
BG424;2012VIII;535;
BG424;2012IX;551;
BG424;2012X;546;
BG424;2012XI;544;
BG424;2012XII;552;
BG424;2013I;549;
BG424;2013II;547;
BG424;2013III;557;
BG424;2013IV;566;
BG424;2013V;571;
BG424;2013VI;580;
BG424;2013VII;578;
BG424;2013VIII;577;
BG424;2013IX;595;
BG424;2013X;590;
BG424;2013XI;583;
BG424;2013XII;591;
BG424;2014I;583;
BG424;2014II;585;
BG424;2014III;604;
BG424;2014IV;620;
BG424;2014V;629;
BG424;2014VI;634;
BG424;2014VII;627;
BG424;2014VIII;615;
BG424;2014IX;637;
BG424;2014X;627;
BG424;2014XI;626;
BG424;2014XII;629;
BG424;2015I;592;
BG424;2015II;599;
BG424;2015III;617;
BG424;2015IV;622;
BG424;2015V;624;
BG424;2015VI;636;
BG424;2015VII;639;
BG424;2015VIII;624;
BG424;2015IX;655;
BG424;2015X;648;
BG424;2015XI;659;
BG424;2015XII;677;
BG424;2016I;640;
BG424;2016II;655;
BG424;2016III;694;
BG424;2016IV;688;
BG424;2016V;697;
BG424;2016VI;727;
BG424;2016VII;704;
BG424;2016VIII;694;
BG424;2016IX;718;
BG424;2016X;706;
BG424;2016XI;715;
BG424;2016XII;711;
BG424;2017I;674;
BG424;2017II;713;
BG424;2017III;722;
BG424;2017IV;731;
BG424;2017V;758;
BG424;2017VI;758;
BG424;2017VII;750;
BG424;2017VIII;744;
BG424;2017IX;798;
BG424;2017X;786;
BG424;2017XI;788;
BG424;2017XII;818;
BG424;2018I;789;
BG424;2018II;778;
BG424;2018III;822;
BG424;2018IV;834;
BG424;2018V;833;
BG424;2018VI;858;
BG424;2018VII;837;
BG424;2018VIII;816;
BG424;2018IX;872;
BG424;2018X;848;
BG424;2018XI;857;
BG424;2018XII;862;
BG424;2019I;827;
BG424;2019II;847;
BG424;2019III;877;
BG424;2019IV;885;
BG424;2019V;893;
BG424;2019VI;902;
BG424;2019VII;898;
BG424;2019VIII;885;
BG424;2019IX;939;
BG424;2019X;902;
BG424;2019XI;922;
BG424;2019XII;916;
BG424;2020I;927;
BG424;2020II;944;
BG424;2020III;933;
BG424;2020IV;897;
BG424;2020V;932;
BG424;2020VI;992;
BG424;2020VII;994;
BG424;2020VIII;964;
BG424;2020IX;1020;
BG422;2008I;401;
BG422;2008II;391;
BG422;2008III;404;
BG422;2008IV;474;
BG422;2008V;420;
BG422;2008VI;440;
BG422;2008VII;431;
BG422;2008VIII;415;
BG422;2008IX;451;
BG422;2008X;453;
BG422;2008XI;430;
BG422;2008XII;452;
BG422;2009I;425;
BG422;2009II;426;
BG422;2009III;447;
BG422;2009IV;452;
BG422;2009V;452;
BG422;2009VI;434;
BG422;2009VII;437;
BG422;2009VIII;431;
BG422;2009IX;460;
BG422;2009X;453;
BG422;2009XI;454;
BG422;2009XII;472;
BG422;2010I;450;
BG422;2010II;444;
BG422;2010III;463;
BG422;2010IV;478;
BG422;2010V;475;
BG422;2010VI;464;
BG422;2010VII;465;
BG422;2010VIII;461;
BG422;2010IX;484;
BG422;2010X;492;
BG422;2010XI;496;
BG422;2010XII;513;
BG422;2011I;475;
BG422;2011II;468;
BG422;2011III;490;
BG422;2011IV;520;
BG422;2011V;512;
BG422;2011VI;507;
BG422;2011VII;505;
BG422;2011VIII;495;
BG422;2011IX;510;
BG422;2011X;521;
BG422;2011XI;536;
BG422;2011XII;560;
BG422;2012I;493;
BG422;2012II;484;
BG422;2012III;509;
BG422;2012IV;543;
BG422;2012V;532;
BG422;2012VI;519;
BG422;2012VII;536;
BG422;2012VIII;519;
BG422;2012IX;534;
BG422;2012X;545;
BG422;2012XI;526;
BG422;2012XII;562;
BG422;2013I;537;
BG422;2013II;548;
BG422;2013III;571;
BG422;2013IV;558;
BG422;2013V;572;
BG422;2013VI;554;
BG422;2013VII;553;
BG422;2013VIII;544;
BG422;2013IX;574;
BG422;2013X;583;
BG422;2013XI;573;
BG422;2013XII;602;
BG422;2014I;568;
BG422;2014II;557;
BG422;2014III;579;
BG422;2014IV;604;
BG422;2014V;598;
BG422;2014VI;580;
BG422;2014VII;600;
BG422;2014VIII;596;
BG422;2014IX;603;
BG422;2014X;624;
BG422;2014XI;601;
BG422;2014XII;637;
BG422;2015I;591;
BG422;2015II;582;
BG422;2015III;614;
BG422;2015IV;626;
BG422;2015V;628;
BG422;2015VI;619;
BG422;2015VII;632;
BG422;2015VIII;621;
BG422;2015IX;653;
BG422;2015X;684;
BG422;2015XI;640;
BG422;2015XII;678;
BG422;2016I;666;
BG422;2016II;658;
BG422;2016III;679;
BG422;2016IV;704;
BG422;2016V;690;
BG422;2016VI;672;
BG422;2016VII;667;
BG422;2016VIII;658;
BG422;2016IX;689;
BG422;2016X;738;
BG422;2016XI;693;
BG422;2016XII;730;
BG422;2017I;693;
BG422;2017II;680;
BG422;2017III;708;
BG422;2017IV;722;
BG422;2017V;723;
BG422;2017VI;712;
BG422;2017VII;711;
BG422;2017VIII;712;
BG422;2017IX;738;
BG422;2017X;782;
BG422;2017XI;729;
BG422;2017XII;778;
BG422;2018I;755;
BG422;2018II;749;
BG422;2018III;780;
BG422;2018IV;802;
BG422;2018V;797;
BG422;2018VI;781;
BG422;2018VII;790;
BG422;2018VIII;790;
BG422;2018IX;819;
BG422;2018X;831;
BG422;2018XI;797;
BG422;2018XII;881;
BG422;2019I;840;
BG422;2019II;860;
BG422;2019III;882;
BG422;2019IV;888;
BG422;2019V;900;
BG422;2019VI;862;
BG422;2019VII;882;
BG422;2019VIII;891;
BG422;2019IX;921;
BG422;2019X;936;
BG422;2019XI;914;
BG422;2019XII;971;
BG422;2020I;953;
BG422;2020II;972;
BG422;2020III;941;
BG422;2020IV;929;
BG422;2020V;983;
BG422;2020VI;974;
BG422;2020VII;1023;
BG422;2020VIII;991;
BG422;2020IX;1043;
