0;2008I;2455536;
0;2008II;2464259;
0;2008III;2478101;
0;2008IV;2488316;
0;2008V;2503391;
0;2008VI;2517729;
0;2008VII;2621733;
0;2008VIII;2608601;
0;2008IX;2578059;
0;2008X;2584129;
0;2008XI;2551354;
0;2008XII;2499126;
0;2009I;2502133;
0;2009II;2487997;
0;2009III;2472024;
0;2009IV;2514441;
0;2009V;2514767;
0;2009VI;2516415;
0;2009VII;2512344;
0;2009VIII;2485137;
0;2009IX;2442424;
0;2009X;2476424;
0;2009XI;2434357;
0;2009XII;2396144;
0;2010I;2373349;
0;2010II;2355926;
0;2010III;2357992;
0;2010IV;2375879;
0;2010V;2386180;
0;2010VI;2405586;
0;2010VII;2423337;
0;2010VIII;2406704;
0;2010IX;2362277;
0;2010X;2377274;
0;2010XI;2360232;
0;2010XII;2326123;
0;2011I;2342509;
0;2011II;2340307;
0;2011III;2342500;
0;2011IV;2349300;
0;2011V;2370022;
0;2011VI;2389415;
0;2011VII;2397351;
0;2011VIII;2386131;
0;2011IX;2358628;
0;2011X;2324646;
0;2011XI;2305109;
0;2011XII;2276111;
0;2012I;2302553;
0;2012II;2287060;
0;2012III;2285727;
0;2012IV;2314724;
0;2012V;2338655;
0;2012VI;2357963;
0;2012VII;2375367;
0;2012VIII;2358090;
0;2012IX;2322863;
0;2012X;2298052;
0;2012XI;2280739;
0;2012XII;2259653;
0;2013I;2292411;
0;2013II;2289672;
0;2013III;2290662;
0;2013IV;2312609;
0;2013V;2337548;
0;2013VI;2365890;
0;2013VII;2380715;
0;2013VIII;2363348;
0;2013IX;2317099;
0;2013X;2294309;
0;2013XI;2281232;
0;2013XII;2257531;
0;2014I;2290846;
0;2014II;2289247;
0;2014III;2290513;
0;2014IV;2330511;
0;2014V;2356979;
0;2014VI;2385035;
0;2014VII;2422017;
0;2014VIII;2397026;
0;2014IX;2350376;
0;2014X;2344357;
0;2014XI;2330885;
0;2014XII;2314552;
0;2015I;2316411;
0;2015II;2315775;
0;2015III;2310428;
0;2015IV;2341397;
0;2015V;2370897;
0;2015VI;2392048;
0;2015VII;2423319;
0;2015VIII;2397927;
0;2015IX;2356225;
0;2015X;2354621;
0;2015XI;2338375;
0;2015XII;2318712;
0;2016I;2327106;
0;2016II;2333597;
0;2016III;2338821;
0;2016IV;2373728;
0;2016V;2387129;
0;2016VI;2412306;
0;2016VII;2435526;
0;2016VIII;2419031;
0;2016IX;2385928;
0;2016X;2378645;
0;2016XI;2375573;
0;2016XII;2358607;
0;2017I;2364609;
0;2017II;2366001;
0;2017III;2373504;
0;2017IV;2406798;
0;2017V;2428596;
0;2017VI;2443747;
0;2017VII;2465802;
0;2017VIII;2448729;
0;2017IX;2413863;
0;2017X;2415238;
0;2017XI;2408572;
0;2017XII;2389577;
0;2018I;2305111;
0;2018II;2308505;
0;2018III;2311783;
0;2018IV;2322691;
0;2018V;2335730;
0;2018VI;2354411;
0;2018VII;2362661;
0;2018VIII;2344658;
0;2018IX;2317473;
0;2018X;2306718;
0;2018XI;2307911;
0;2018XII;2291172;
0;2019I;2306668;
0;2019II;2311050;
0;2019III;2317480;
0;2019IV;2327300;
0;2019V;2338722;
0;2019VI;2351423;
0;2019VII;2358490;
0;2019VIII;2340854;
0;2019IX;2312298;
A;2008I;56110;
A;2008II;57208;
A;2008III;61636;
A;2008IV;64758;
A;2008V;66786;
A;2008VI;67073;
A;2008VII;69950;
A;2008VIII;70071;
A;2008IX;70068;
A;2008X;73199;
A;2008XI;68676;
A;2008XII;58121;
A;2009I;61135;
A;2009II;61196;
A;2009III;66571;
A;2009IV;72068;
A;2009V;74654;
A;2009VI;75073;
A;2009VII;74601;
A;2009VIII;73108;
A;2009IX;72547;
A;2009X;72056;
A;2009XI;67619;
A;2009XII;61998;
A;2010I;60441;
A;2010II;60032;
A;2010III;63768;
A;2010IV;69677;
A;2010V;71172;
A;2010VI;72829;
A;2010VII;74264;
A;2010VIII;73671;
A;2010IX;72899;
A;2010X;73749;
A;2010XI;69544;
A;2010XII;63241;
A;2011I;65411;
A;2011II;66860;
A;2011III;70455;
A;2011IV;72146;
A;2011V;73430;
A;2011VI;74168;
A;2011VII;75740;
A;2011VIII;74911;
A;2011IX;76630;
A;2011X;74226;
A;2011XI;68468;
A;2011XII;64162;
A;2012I;63836;
A;2012II;63757;
A;2012III;67092;
A;2012IV;71970;
A;2012V;75209;
A;2012VI;76013;
A;2012VII;75520;
A;2012VIII;74309;
A;2012IX;74079;
A;2012X;72332;
A;2012XI;70147;
A;2012XII;65430;
A;2013I;64816;
A;2013II;64790;
A;2013III;67889;
A;2013IV;72576;
A;2013V;74132;
A;2013VI;74987;
A;2013VII;74733;
A;2013VIII;74249;
A;2013IX;73820;
A;2013X;72342;
A;2013XI;70270;
A;2013XII;67100;
A;2014I;67169;
A;2014II;68057;
A;2014III;72725;
A;2014IV;74479;
A;2014V;76279;
A;2014VI;77163;
A;2014VII;78202;
A;2014VIII;77288;
A;2014IX;76601;
A;2014X;75200;
A;2014XI;72369;
A;2014XII;68241;
A;2015I;69128;
A;2015II;69749;
A;2015III;73308;
A;2015IV;75476;
A;2015V;78997;
A;2015VI;79514;
A;2015VII;78771;
A;2015VIII;78070;
A;2015IX;77502;
A;2015X;75184;
A;2015XI;71922;
A;2015XII;69055;
A;2016I;69227;
A;2016II;70889;
A;2016III;75728;
A;2016IV;78139;
A;2016V;79704;
A;2016VI;80789;
A;2016VII;80715;
A;2016VIII;80513;
A;2016IX;80606;
A;2016X;79361;
A;2016XI;75221;
A;2016XII;69381;
A;2017I;68704;
A;2017II;69390;
A;2017III;73995;
A;2017IV;75560;
A;2017V;81151;
A;2017VI;77759;
A;2017VII;79747;
A;2017VIII;80325;
A;2017IX;79991;
A;2017X;76227;
A;2017XI;73033;
A;2017XII;69234;
A;2018I;67918;
A;2018II;68797;
A;2018III;70486;
A;2018IV;74532;
A;2018V;75331;
A;2018VI;76035;
A;2018VII;75789;
A;2018VIII;74576;
A;2018IX;74565;
A;2018X;73374;
A;2018XI;71365;
A;2018XII;68097;
A;2019I;67139;
A;2019II;67849;
A;2019III;70831;
A;2019IV;72588;
A;2019V;73192;
A;2019VI;73404;
A;2019VII;73873;
A;2019VIII;73297;
A;2019IX;72213;
B;2008I;28606;
B;2008II;28715;
B;2008III;28806;
B;2008IV;28830;
B;2008V;28816;
B;2008VI;28728;
B;2008VII;29387;
B;2008VIII;29511;
B;2008IX;29381;
B;2008X;29155;
B;2008XI;28962;
B;2008XII;28123;
B;2009I;27110;
B;2009II;27047;
B;2009III;26869;
B;2009IV;26704;
B;2009V;26282;
B;2009VI;26231;
B;2009VII;26238;
B;2009VIII;26139;
B;2009IX;25912;
B;2009X;26034;
B;2009XI;25915;
B;2009XII;25577;
B;2010I;26065;
B;2010II;25921;
B;2010III;25871;
B;2010IV;25827;
B;2010V;25656;
B;2010VI;25609;
B;2010VII;25594;
B;2010VIII;25655;
B;2010IX;25535;
B;2010X;25655;
B;2010XI;25600;
B;2010XII;25142;
B;2011I;24946;
B;2011II;25074;
B;2011III;25173;
B;2011IV;25250;
B;2011V;25220;
B;2011VI;25277;
B;2011VII;25362;
B;2011VIII;25461;
B;2011IX;25487;
B;2011X;25390;
B;2011XI;25019;
B;2011XII;24474;
B;2012I;24918;
B;2012II;24867;
B;2012III;24865;
B;2012IV;25055;
B;2012V;25077;
B;2012VI;25030;
B;2012VII;25006;
B;2012VIII;24939;
B;2012IX;24744;
B;2012X;24631;
B;2012XI;24535;
B;2012XII;24266;
B;2013I;24401;
B;2013II;24396;
B;2013III;24539;
B;2013IV;24536;
B;2013V;24567;
B;2013VI;24676;
B;2013VII;24609;
B;2013VIII;24417;
B;2013IX;24224;
B;2013X;23820;
B;2013XI;23746;
B;2013XII;23575;
B;2014I;23610;
B;2014II;23607;
B;2014III;23738;
B;2014IV;24131;
B;2014V;24423;
B;2014VI;24450;
B;2014VII;24356;
B;2014VIII;24766;
B;2014IX;24681;
B;2014X;24272;
B;2014XI;23889;
B;2014XII;23576;
B;2015I;24681;
B;2015II;24584;
B;2015III;25070;
B;2015IV;25390;
B;2015V;25390;
B;2015VI;25381;
B;2015VII;25276;
B;2015VIII;25979;
B;2015IX;25914;
B;2015X;25892;
B;2015XI;25659;
B;2015XII;24443;
B;2016I;24288;
B;2016II;24244;
B;2016III;24081;
B;2016IV;23960;
B;2016V;23905;
B;2016VI;23827;
B;2016VII;23776;
B;2016VIII;23690;
B;2016IX;23521;
B;2016X;23485;
B;2016XI;23142;
B;2016XII;22768;
B;2017I;22211;
B;2017II;22275;
B;2017III;22263;
B;2017IV;22199;
B;2017V;22135;
B;2017VI;22047;
B;2017VII;21891;
B;2017VIII;21770;
B;2017IX;21469;
B;2017X;21387;
B;2017XI;21344;
B;2017XII;21256;
B;2018I;21793;
B;2018II;21781;
B;2018III;21880;
B;2018IV;21894;
B;2018V;21900;
B;2018VI;21823;
B;2018VII;21607;
B;2018VIII;21411;
B;2018IX;21331;
B;2018X;21222;
B;2018XI;21159;
B;2018XII;20955;
B;2019I;20721;
B;2019II;20705;
B;2019III;20819;
B;2019IV;20783;
B;2019V;20784;
B;2019VI;20739;
B;2019VII;20924;
B;2019VIII;21003;
B;2019IX;20969;
C;2008I;623255;
C;2008II;623736;
C;2008III;621426;
C;2008IV;631220;
C;2008V;624988;
C;2008VI;624632;
C;2008VII;640727;
C;2008VIII;635237;
C;2008IX;627567;
C;2008X;631311;
C;2008XI;616815;
C;2008XII;599379;
C;2009I;584356;
C;2009II;576232;
C;2009III;565413;
C;2009IV;558696;
C;2009V;551342;
C;2009VI;546902;
C;2009VII;543132;
C;2009VIII;538658;
C;2009IX;535526;
C;2009X;553612;
C;2009XI;540948;
C;2009XII;532031;
C;2010I;526943;
C;2010II;522255;
C;2010III;519049;
C;2010IV;522769;
C;2010V;519618;
C;2010VI;519420;
C;2010VII;523415;
C;2010VIII;523469;
C;2010IX;519542;
C;2010X;528850;
C;2010XI;525219;
C;2010XII;513701;
C;2011I;521772;
C;2011II;522287;
C;2011III;520831;
C;2011IV;518956;
C;2011V;519761;
C;2011VI;520346;
C;2011VII;522261;
C;2011VIII;521058;
C;2011IX;516914;
C;2011X;513266;
C;2011XI;508162;
C;2011XII;500636;
C;2012I;508344;
C;2012II;503727;
C;2012III;501906;
C;2012IV;504881;
C;2012V;505473;
C;2012VI;504550;
C;2012VII;509907;
C;2012VIII;507314;
C;2012IX;503190;
C;2012X;504879;
C;2012XI;499955;
C;2012XII;493641;
C;2013I;500947;
C;2013II;499974;
C;2013III;499531;
C;2013IV;504237;
C;2013V;503802;
C;2013VI;506198;
C;2013VII;510092;
C;2013VIII;506569;
C;2013IX;501604;
C;2013X;502299;
C;2013XI;500215;
C;2013XII;494711;
C;2014I;509920;
C;2014II;510782;
C;2014III;512395;
C;2014IV;516354;
C;2014V;516570;
C;2014VI;518559;
C;2014VII;523608;
C;2014VIII;522726;
C;2014IX;520582;
C;2014X;522469;
C;2014XI;522107;
C;2014XII;517875;
C;2015I;521559;
C;2015II;521124;
C;2015III;518800;
C;2015IV;523997;
C;2015V;521602;
C;2015VI;522668;
C;2015VII;527933;
C;2015VIII;525005;
C;2015IX;524542;
C;2015X;528769;
C;2015XI;527106;
C;2015XII;523170;
C;2016I;526066;
C;2016II;526933;
C;2016III;527428;
C;2016IV;528067;
C;2016V;525357;
C;2016VI;527334;
C;2016VII;529920;
C;2016VIII;529930;
C;2016IX;527727;
C;2016X;530033;
C;2016XI;531199;
C;2016XII;527592;
C;2017I;531872;
C;2017II;531976;
C;2017III;532243;
C;2017IV;535601;
C;2017V;534918;
C;2017VI;534391;
C;2017VII;538091;
C;2017VIII;535865;
C;2017IX;534714;
C;2017X;539282;
C;2017XI;538169;
C;2017XII;532512;
C;2018I;518737;
C;2018II;518652;
C;2018III;518600;
C;2018IV;515629;
C;2018V;513662;
C;2018VI;513887;
C;2018VII;513910;
C;2018VIII;509782;
C;2018IX;507400;
C;2018X;508265;
C;2018XI;508532;
C;2018XII;504126;
C;2019I;508108;
C;2019II;507708;
C;2019III;507495;
C;2019IV;505970;
C;2019V;503602;
C;2019VI;500875;
C;2019VII;500768;
C;2019VIII;496328;
C;2019IX;494466;
D;2008I;34497;
D;2008II;34382;
D;2008III;34282;
D;2008IV;34222;
D;2008V;33897;
D;2008VI;33828;
D;2008VII;33859;
D;2008VIII;33833;
D;2008IX;33672;
D;2008X;33763;
D;2008XI;33824;
D;2008XII;33740;
D;2009I;33737;
D;2009II;33727;
D;2009III;33778;
D;2009IV;33486;
D;2009V;33505;
D;2009VI;33570;
D;2009VII;33688;
D;2009VIII;33590;
D;2009IX;33509;
D;2009X;33494;
D;2009XI;33397;
D;2009XII;33298;
D;2010I;32326;
D;2010II;32458;
D;2010III;32367;
D;2010IV;32019;
D;2010V;31923;
D;2010VI;31760;
D;2010VII;31769;
D;2010VIII;31809;
D;2010IX;31727;
D;2010X;31752;
D;2010XI;31580;
D;2010XII;31340;
D;2011I;31404;
D;2011II;31352;
D;2011III;31329;
D;2011IV;31361;
D;2011V;31344;
D;2011VI;31484;
D;2011VII;31557;
D;2011VIII;31369;
D;2011IX;31255;
D;2011X;30915;
D;2011XI;30911;
D;2011XII;30809;
D;2012I;31974;
D;2012II;31715;
D;2012III;31735;
D;2012IV;31669;
D;2012V;31691;
D;2012VI;31818;
D;2012VII;31902;
D;2012VIII;31869;
D;2012IX;31746;
D;2012X;31597;
D;2012XI;31601;
D;2012XII;31491;
D;2013I;30998;
D;2013II;30986;
D;2013III;30567;
D;2013IV;30590;
D;2013V;30655;
D;2013VI;30720;
D;2013VII;30575;
D;2013VIII;30366;
D;2013IX;30405;
D;2013X;30410;
D;2013XI;30443;
D;2013XII;30351;
D;2014I;30947;
D;2014II;30907;
D;2014III;30977;
D;2014IV;30986;
D;2014V;31086;
D;2014VI;31287;
D;2014VII;31328;
D;2014VIII;31242;
D;2014IX;31071;
D;2014X;31065;
D;2014XI;31096;
D;2014XII;30864;
D;2015I;30967;
D;2015II;30969;
D;2015III;30808;
D;2015IV;30542;
D;2015V;30425;
D;2015VI;30437;
D;2015VII;30200;
D;2015VIII;30060;
D;2015IX;30216;
D;2015X;30270;
D;2015XI;30302;
D;2015XII;30184;
D;2016I;30645;
D;2016II;30756;
D;2016III;30820;
D;2016IV;30868;
D;2016V;30741;
D;2016VI;30763;
D;2016VII;30688;
D;2016VIII;30553;
D;2016IX;30403;
D;2016X;30379;
D;2016XI;30354;
D;2016XII;30277;
D;2017I;30445;
D;2017II;30523;
D;2017III;30589;
D;2017IV;30391;
D;2017V;30419;
D;2017VI;30342;
D;2017VII;30393;
D;2017VIII;30308;
D;2017IX;30234;
D;2017X;30125;
D;2017XI;30324;
D;2017XII;30327;
D;2018I;30073;
D;2018II;30041;
D;2018III;30020;
D;2018IV;30055;
D;2018V;30098;
D;2018VI;30119;
D;2018VII;30251;
D;2018VIII;30258;
D;2018IX;30207;
D;2018X;30113;
D;2018XI;30148;
D;2018XII;30033;
D;2019I;29744;
D;2019II;29824;
D;2019III;29898;
D;2019IV;29852;
D;2019V;29775;
D;2019VI;29872;
D;2019VII;29940;
D;2019VIII;29920;
D;2019IX;29844;
E;2008I;32664;
E;2008II;32585;
E;2008III;32817;
E;2008IV;33053;
E;2008V;33086;
E;2008VI;33001;
E;2008VII;34278;
E;2008VIII;34183;
E;2008IX;33896;
E;2008X;33966;
E;2008XI;33578;
E;2008XII;33353;
E;2009I;37571;
E;2009II;37674;
E;2009III;37718;
E;2009IV;38822;
E;2009V;38574;
E;2009VI;38145;
E;2009VII;35179;
E;2009VIII;34029;
E;2009IX;33763;
E;2009X;33222;
E;2009XI;33142;
E;2009XII;32927;
E;2010I;32942;
E;2010II;32938;
E;2010III;33115;
E;2010IV;33825;
E;2010V;33979;
E;2010VI;34139;
E;2010VII;34262;
E;2010VIII;34245;
E;2010IX;34113;
E;2010X;35666;
E;2010XI;35718;
E;2010XII;35680;
E;2011I;36064;
E;2011II;36132;
E;2011III;36284;
E;2011IV;36635;
E;2011V;36805;
E;2011VI;37056;
E;2011VII;36895;
E;2011VIII;36707;
E;2011IX;36815;
E;2011X;36502;
E;2011XI;36231;
E;2011XII;35879;
E;2012I;36732;
E;2012II;36544;
E;2012III;36742;
E;2012IV;36855;
E;2012V;36774;
E;2012VI;36837;
E;2012VII;36884;
E;2012VIII;36842;
E;2012IX;36721;
E;2012X;36250;
E;2012XI;36028;
E;2012XII;35868;
E;2013I;36750;
E;2013II;36556;
E;2013III;36888;
E;2013IV;37252;
E;2013V;37324;
E;2013VI;37244;
E;2013VII;37135;
E;2013VIII;37015;
E;2013IX;36822;
E;2013X;36553;
E;2013XI;36444;
E;2013XII;36168;
E;2014I;35318;
E;2014II;35148;
E;2014III;35139;
E;2014IV;35154;
E;2014V;35227;
E;2014VI;35228;
E;2014VII;35347;
E;2014VIII;35366;
E;2014IX;35159;
E;2014X;35265;
E;2014XI;35293;
E;2014XII;35041;
E;2015I;35690;
E;2015II;35819;
E;2015III;35658;
E;2015IV;35934;
E;2015V;36246;
E;2015VI;36331;
E;2015VII;36869;
E;2015VIII;36658;
E;2015IX;36489;
E;2015X;36755;
E;2015XI;36524;
E;2015XII;36170;
E;2016I;36215;
E;2016II;36109;
E;2016III;35647;
E;2016IV;35883;
E;2016V;35884;
E;2016VI;36013;
E;2016VII;36180;
E;2016VIII;36134;
E;2016IX;35847;
E;2016X;36062;
E;2016XI;36049;
E;2016XII;35916;
E;2017I;36697;
E;2017II;36678;
E;2017III;36818;
E;2017IV;36936;
E;2017V;36823;
E;2017VI;37008;
E;2017VII;37020;
E;2017VIII;36927;
E;2017IX;36868;
E;2017X;36624;
E;2017XI;36747;
E;2017XII;36647;
E;2018I;36538;
E;2018II;36532;
E;2018III;36691;
E;2018IV;36764;
E;2018V;36782;
E;2018VI;36885;
E;2018VII;36873;
E;2018VIII;36917;
E;2018IX;36746;
E;2018X;36709;
E;2018XI;36727;
E;2018XII;36287;
E;2019I;36783;
E;2019II;36758;
E;2019III;36815;
E;2019IV;36849;
E;2019V;37082;
E;2019VI;37172;
E;2019VII;37184;
E;2019VIII;36992;
E;2019IX;36933;
F;2008I;229072;
F;2008II;232566;
F;2008III;236333;
F;2008IV;229138;
F;2008V;232149;
F;2008VI;231651;
F;2008VII;258818;
F;2008VIII;258943;
F;2008IX;256519;
F;2008X;270143;
F;2008XI;262217;
F;2008XII;251388;
F;2009I;241832;
F;2009II;238137;
F;2009III;234226;
F;2009IV;232208;
F;2009V;227666;
F;2009VI;225943;
F;2009VII;226391;
F;2009VIII;222301;
F;2009IX;213505;
F;2009X;222789;
F;2009XI;212322;
F;2009XII;201215;
F;2010I;186172;
F;2010II;181553;
F;2010III;179897;
F;2010IV;176589;
F;2010V;175663;
F;2010VI;174370;
F;2010VII;174694;
F;2010VIII;171931;
F;2010IX;169526;
F;2010X;166296;
F;2010XI;162433;
F;2010XII;155199;
F;2011I;156061;
F;2011II;154475;
F;2011III;155668;
F;2011IV;156085;
F;2011V;155496;
F;2011VI;154426;
F;2011VII;155216;
F;2011VIII;154458;
F;2011IX;152732;
F;2011X;149872;
F;2011XI;147616;
F;2011XII;141130;
F;2012I;141573;
F;2012II;138653;
F;2012III;140055;
F;2012IV;144745;
F;2012V;143477;
F;2012VI;142565;
F;2012VII;144265;
F;2012VIII;142264;
F;2012IX;140842;
F;2012X;142234;
F;2012XI;140089;
F;2012XII;134424;
F;2013I;135262;
F;2013II;134792;
F;2013III;135202;
F;2013IV;135884;
F;2013V;135876;
F;2013VI;135707;
F;2013VII;137610;
F;2013VIII;136078;
F;2013IX;134667;
F;2013X;136923;
F;2013XI;135608;
F;2013XII;130524;
F;2014I;135679;
F;2014II;136807;
F;2014III;137263;
F;2014IV;143376;
F;2014V;141096;
F;2014VI;141046;
F;2014VII;143697;
F;2014VIII;143050;
F;2014IX;142322;
F;2014X;143543;
F;2014XI;140283;
F;2014XII;136415;
F;2015I;134079;
F;2015II;134464;
F;2015III;135814;
F;2015IV;139128;
F;2015V;140023;
F;2015VI;139020;
F;2015VII;139844;
F;2015VIII;139781;
F;2015IX;139009;
F;2015X;138179;
F;2015XI;137028;
F;2015XII;132574;
F;2016I;132846;
F;2016II;131360;
F;2016III;130203;
F;2016IV;132537;
F;2016V;132199;
F;2016VI;131025;
F;2016VII;132596;
F;2016VIII;134016;
F;2016IX;132262;
F;2016X;134323;
F;2016XI;134152;
F;2016XII;130089;
F;2017I;130407;
F;2017II;130823;
F;2017III;132585;
F;2017IV;136923;
F;2017V;136180;
F;2017VI;136940;
F;2017VII;140060;
F;2017VIII;138624;
F;2017IX;137840;
F;2017X;139731;
F;2017XI;139507;
F;2017XII;136222;
F;2018I;122034;
F;2018II;121946;
F;2018III;122001;
F;2018IV;125112;
F;2018V;125076;
F;2018VI;126497;
F;2018VII;127212;
F;2018VIII;128097;
F;2018IX;128897;
F;2018X;128063;
F;2018XI;128004;
F;2018XII;126115;
F;2019I;127194;
F;2019II;127377;
F;2019III;129378;
F;2019IV;131011;
F;2019V;131538;
F;2019VI;131454;
F;2019VII;131179;
F;2019VIII;131630;
F;2019IX;131124;
G;2008I;393650;
G;2008II;394523;
G;2008III;396936;
G;2008IV;393662;
G;2008V;394729;
G;2008VI;396956;
G;2008VII;419541;
G;2008VIII;420682;
G;2008IX;418799;
G;2008X;418745;
G;2008XI;417151;
G;2008XII;412547;
G;2009I;413776;
G;2009II;411305;
G;2009III;408275;
G;2009IV;438624;
G;2009V;436298;
G;2009VI;435343;
G;2009VII;436031;
G;2009VIII;434151;
G;2009IX;430406;
G;2009X;427049;
G;2009XI;423979;
G;2009XII;420429;
G;2010I;424882;
G;2010II;421016;
G;2010III;420033;
G;2010IV;419041;
G;2010V;417591;
G;2010VI;420279;
G;2010VII;424385;
G;2010VIII;421990;
G;2010IX;417497;
G;2010X;425165;
G;2010XI;423818;
G;2010XII;420493;
G;2011I;418744;
G;2011II;416620;
G;2011III;414965;
G;2011IV;416567;
G;2011V;414355;
G;2011VI;415070;
G;2011VII;413349;
G;2011VIII;412167;
G;2011IX;407370;
G;2011X;403938;
G;2011XI;402096;
G;2011XII;398003;
G;2012I;399460;
G;2012II;396746;
G;2012III;392603;
G;2012IV;397111;
G;2012V;396670;
G;2012VI;398679;
G;2012VII;401845;
G;2012VIII;399496;
G;2012IX;394063;
G;2012X;391284;
G;2012XI;389310;
G;2012XII;385508;
G;2013I;388460;
G;2013II;387160;
G;2013III;387427;
G;2013IV;387766;
G;2013V;388800;
G;2013VI;390308;
G;2013VII;391220;
G;2013VIII;391034;
G;2013IX;387271;
G;2013X;387210;
G;2013XI;386764;
G;2013XII;384510;
G;2014I;386837;
G;2014II;384869;
G;2014III;384090;
G;2014IV;388635;
G;2014V;391623;
G;2014VI;393975;
G;2014VII;404089;
G;2014VIII;398260;
G;2014IX;390734;
G;2014X;396568;
G;2014XI;398659;
G;2014XII;396547;
G;2015I;393610;
G;2015II;391480;
G;2015III;390034;
G;2015IV;395162;
G;2015V;393233;
G;2015VI;395296;
G;2015VII;400806;
G;2015VIII;398417;
G;2015IX;394367;
G;2015X;397988;
G;2015XI;395589;
G;2015XII;392732;
G;2016I;391883;
G;2016II;392079;
G;2016III;391632;
G;2016IV;392738;
G;2016V;392560;
G;2016VI;395468;
G;2016VII;400968;
G;2016VIII;397844;
G;2016IX;395065;
G;2016X;398102;
G;2016XI;399137;
G;2016XII;396617;
G;2017I;396233;
G;2017II;395132;
G;2017III;395613;
G;2017IV;399284;
G;2017V;397883;
G;2017VI;399583;
G;2017VII;405053;
G;2017VIII;403888;
G;2017IX;399218;
G;2017X;402917;
G;2017XI;403038;
G;2017XII;399435;
G;2018I;394616;
G;2018II;395147;
G;2018III;395230;
G;2018IV;394288;
G;2018V;394958;
G;2018VI;397880;
G;2018VII;400026;
G;2018VIII;397620;
G;2018IX;392344;
G;2018X;394677;
G;2018XI;395565;
G;2018XII;393067;
G;2019I;397157;
G;2019II;397509;
G;2019III;397287;
G;2019IV;398344;
G;2019V;397986;
G;2019VI;399254;
G;2019VII;401927;
G;2019VIII;399694;
G;2019IX;394495;
H;2008I;146611;
H;2008II;146044;
H;2008III;146433;
H;2008IV;146348;
H;2008V;146824;
H;2008VI;147078;
H;2008VII;153415;
H;2008VIII;153022;
H;2008IX;151684;
H;2008X;152103;
H;2008XI;149297;
H;2008XII;148071;
H;2009I;147516;
H;2009II;147220;
H;2009III;145685;
H;2009IV;147595;
H;2009V;146925;
H;2009VI;146828;
H;2009VII;147227;
H;2009VIII;146588;
H;2009IX;145264;
H;2009X;146750;
H;2009XI;145430;
H;2009XII;143943;
H;2010I;141694;
H;2010II;140906;
H;2010III;140888;
H;2010IV;142184;
H;2010V;142246;
H;2010VI;142349;
H;2010VII;142546;
H;2010VIII;142314;
H;2010IX;141484;
H;2010X;141657;
H;2010XI;140849;
H;2010XII;139925;
H;2011I;142664;
H;2011II;142037;
H;2011III;141431;
H;2011IV;139140;
H;2011V;141120;
H;2011VI;143812;
H;2011VII;145068;
H;2011VIII;144033;
H;2011IX;142136;
H;2011X;139608;
H;2011XI;138742;
H;2011XII;136806;
H;2012I;138940;
H;2012II;138001;
H;2012III;137738;
H;2012IV;139170;
H;2012V;139515;
H;2012VI;139607;
H;2012VII;141159;
H;2012VIII;140072;
H;2012IX;139219;
H;2012X;139064;
H;2012XI;138741;
H;2012XII;137523;
H;2013I;140874;
H;2013II;139190;
H;2013III;138480;
H;2013IV;141620;
H;2013V;141607;
H;2013VI;142151;
H;2013VII;142852;
H;2013VIII;142618;
H;2013IX;141366;
H;2013X;141748;
H;2013XI;141184;
H;2013XII;139687;
H;2014I;141195;
H;2014II;141003;
H;2014III;140215;
H;2014IV;142052;
H;2014V;142580;
H;2014VI;143367;
H;2014VII;146441;
H;2014VIII;145007;
H;2014IX;143209;
H;2014X;142828;
H;2014XI;141899;
H;2014XII;140969;
H;2015I;142582;
H;2015II;142860;
H;2015III;142872;
H;2015IV;143689;
H;2015V;143684;
H;2015VI;144271;
H;2015VII;147602;
H;2015VIII;146679;
H;2015IX;145571;
H;2015X;147834;
H;2015XI;147014;
H;2015XII;146029;
H;2016I;147394;
H;2016II;147714;
H;2016III;147416;
H;2016IV;150662;
H;2016V;151541;
H;2016VI;152746;
H;2016VII;154029;
H;2016VIII;153972;
H;2016IX;153790;
H;2016X;154176;
H;2016XI;153954;
H;2016XII;152165;
H;2017I;152910;
H;2017II;153654;
H;2017III;153779;
H;2017IV;155650;
H;2017V;156360;
H;2017VI;157410;
H;2017VII;158262;
H;2017VIII;158010;
H;2017IX;157040;
H;2017X;156167;
H;2017XI;156458;
H;2017XII;155362;
H;2018I;143041;
H;2018II;143369;
H;2018III;143657;
H;2018IV;144438;
H;2018V;145258;
H;2018VI;145588;
H;2018VII;145210;
H;2018VIII;144541;
H;2018IX;143876;
H;2018X;143148;
H;2018XI;143190;
H;2018XII;141387;
H;2019I;141591;
H;2019II;141842;
H;2019III;141962;
H;2019IV;142387;
H;2019V;142872;
H;2019VI;142740;
H;2019VII;143047;
H;2019VIII;142814;
H;2019IX;142029;
I;2008I;101862;
I;2008II;101823;
I;2008III;101749;
I;2008IV;113212;
I;2008V;127977;
I;2008VI;139636;
I;2008VII;152561;
I;2008VIII;148244;
I;2008IX;133109;
I;2008X;114082;
I;2008XI;108375;
I;2008XII;109843;
I;2009I;112692;
I;2009II;112301;
I;2009III;110899;
I;2009IV;117802;
I;2009V;134679;
I;2009VI;147549;
I;2009VII;150065;
I;2009VIII;145072;
I;2009IX;125817;
I;2009X;121161;
I;2009XI;115444;
I;2009XII;115481;
I;2010I;117232;
I;2010II;115884;
I;2010III;115517;
I;2010IV;119854;
I;2010V;134321;
I;2010VI;148947;
I;2010VII;158785;
I;2010VIII;153901;
I;2010IX;130675;
I;2010X;115879;
I;2010XI;112553;
I;2010XII;113100;
I;2011I;112076;
I;2011II;110934;
I;2011III;111028;
I;2011IV;119640;
I;2011V;135826;
I;2011VI;150758;
I;2011VII;157930;
I;2011VIII;153303;
I;2011IX;134248;
I;2011X;113727;
I;2011XI;111554;
I;2011XII;114103;
I;2012I;112664;
I;2012II;111323;
I;2012III;111808;
I;2012IV;121557;
I;2012V;140982;
I;2012VI;157833;
I;2012VII;164050;
I;2012VIII;155704;
I;2012IX;131127;
I;2012X;111061;
I;2012XI;106746;
I;2012XII;107929;
I;2013I;107975;
I;2013II;107046;
I;2013III;106190;
I;2013IV;113412;
I;2013V;132213;
I;2013VI;151331;
I;2013VII;159250;
I;2013VIII;154041;
I;2013IX;125756;
I;2013X;107569;
I;2013XI;104534;
I;2013XII;103380;
I;2014I;105165;
I;2014II;104364;
I;2014III;105036;
I;2014IV;122681;
I;2014V;140646;
I;2014VI;155897;
I;2014VII;166136;
I;2014VIII;159214;
I;2014IX;131081;
I;2014X;114824;
I;2014XI;108267;
I;2014XII;108634;
I;2015I;108274;
I;2015II;108417;
I;2015III;106421;
I;2015IV;114759;
I;2015V;139609;
I;2015VI;156469;
I;2015VII;171215;
I;2015VIII;157417;
I;2015IX;122617;
I;2015X;112671;
I;2015XI;109578;
I;2015XII;110463;
I;2016I;109787;
I;2016II;109821;
I;2016III;109755;
I;2016IV;124277;
I;2016V;137131;
I;2016VI;154524;
I;2016VII;164026;
I;2016VIII;155590;
I;2016IX;131765;
I;2016X;114363;
I;2016XI;111664;
I;2016XII;114830;
I;2017I;114939;
I;2017II;114746;
I;2017III;114436;
I;2017IV;124725;
I;2017V;140241;
I;2017VI;153995;
I;2017VII;160537;
I;2017VIII;152652;
I;2017IX;128341;
I;2017X;119450;
I;2017XI;118015;
I;2017XII;119381;
I;2018I;107523;
I;2018II;107345;
I;2018III;106658;
I;2018IV;113998;
I;2018V;126857;
I;2018VI;139439;
I;2018VII;147493;
I;2018VIII;140904;
I;2018IX;118805;
I;2018X;107819;
I;2018XI;107244;
I;2018XII;108209;
I;2019I;108495;
I;2019II;109223;
I;2019III;108955;
I;2019IV;116575;
I;2019V;127881;
I;2019VI;139888;
I;2019VII;145137;
I;2019VIII;138517;
I;2019IX;117921;
J;2008I;54541;
J;2008II;54938;
J;2008III;54942;
J;2008IV;56770;
J;2008V;56710;
J;2008VI;56486;
J;2008VII;58816;
J;2008VIII;58805;
J;2008IX;58757;
J;2008X;58712;
J;2008XI;58549;
J;2008XII;57862;
J;2009I;61378;
J;2009II;60483;
J;2009III;60257;
J;2009IV;60489;
J;2009V;59877;
J;2009VI;59663;
J;2009VII;60323;
J;2009VIII;59581;
J;2009IX;59321;
J;2009X;62251;
J;2009XI;62126;
J;2009XII;61671;
J;2010I;63993;
J;2010II;63254;
J;2010III;64166;
J;2010IV;65173;
J;2010V;65103;
J;2010VI;64990;
J;2010VII;65018;
J;2010VIII;64453;
J;2010IX;64338;
J;2010X;67080;
J;2010XI;67104;
J;2010XII;66933;
J;2011I;65657;
J;2011II;66082;
J;2011III;65956;
J;2011IV;67285;
J;2011V;67321;
J;2011VI;67235;
J;2011VII;67321;
J;2011VIII;67293;
J;2011IX;67322;
J;2011X;67394;
J;2011XI;67412;
J;2011XII;67215;
J;2012I;70121;
J;2012II;70038;
J;2012III;69934;
J;2012IV;70396;
J;2012V;70171;
J;2012VI;70190;
J;2012VII;70584;
J;2012VIII;70390;
J;2012IX;70004;
J;2012X;69986;
J;2012XI;70026;
J;2012XII;69653;
J;2013I;72939;
J;2013II;72925;
J;2013III;72506;
J;2013IV;73048;
J;2013V;72969;
J;2013VI;72790;
J;2013VII;73168;
J;2013VIII;72549;
J;2013IX;72255;
J;2013X;72548;
J;2013XI;72778;
J;2013XII;72686;
J;2014I;72907;
J;2014II;73272;
J;2014III;73145;
J;2014IV;73997;
J;2014V;74045;
J;2014VI;74460;
J;2014VII;75228;
J;2014VIII;75308;
J;2014IX;75047;
J;2014X;76717;
J;2014XI;76870;
J;2014XII;76767;
J;2015I;77525;
J;2015II;77726;
J;2015III;78012;
J;2015IV;80226;
J;2015V;80435;
J;2015VI;80606;
J;2015VII;80856;
J;2015VIII;80557;
J;2015IX;80712;
J;2015X;82866;
J;2015XI;82938;
J;2015XII;82783;
J;2016I;83145;
J;2016II;83728;
J;2016III;84288;
J;2016IV;85725;
J;2016V;85885;
J;2016VI;86045;
J;2016VII;87478;
J;2016VIII;87652;
J;2016IX;87515;
J;2016X;89020;
J;2016XI;89301;
J;2016XII;89045;
J;2017I;89475;
J;2017II;89584;
J;2017III;89600;
J;2017IV;92382;
J;2017V;92191;
J;2017VI;91996;
J;2017VII;93020;
J;2017VIII;92610;
J;2017IX;92517;
J;2017X;94092;
J;2017XI;94433;
J;2017XII;94094;
J;2018I;88802;
J;2018II;88893;
J;2018III;88736;
J;2018IV;88927;
J;2018V;88494;
J;2018VI;88228;
J;2018VII;88774;
J;2018VIII;88623;
J;2018IX;88747;
J;2018X;88935;
J;2018XI;89410;
J;2018XII;89353;
J;2019I;92834;
J;2019II;92963;
J;2019III;93215;
J;2019IV;93541;
J;2019V;93592;
J;2019VI;94209;
J;2019VII;95237;
J;2019VIII;95257;
J;2019IX;95359;
K;2008I;46380;
K;2008II;46843;
K;2008III;47685;
K;2008IV;48039;
K;2008V;48737;
K;2008VI;49294;
K;2008VII;51621;
K;2008VIII;52065;
K;2008IX;52577;
K;2008X;54450;
K;2008XI;54785;
K;2008XII;54383;
K;2009I;56694;
K;2009II;56315;
K;2009III;55847;
K;2009IV;56531;
K;2009V;56341;
K;2009VI;57081;
K;2009VII;56912;
K;2009VIII;56844;
K;2009IX;56510;
K;2009X;57525;
K;2009XI;57736;
K;2009XII;57648;
K;2010I;56500;
K;2010II;56311;
K;2010III;56180;
K;2010IV;56825;
K;2010V;56862;
K;2010VI;57156;
K;2010VII;57182;
K;2010VIII;57123;
K;2010IX;56645;
K;2010X;57096;
K;2010XI;57261;
K;2010XII;57279;
K;2011I;59195;
K;2011II;59240;
K;2011III;59297;
K;2011IV;59440;
K;2011V;59287;
K;2011VI;59587;
K;2011VII;58846;
K;2011VIII;58927;
K;2011IX;58672;
K;2011X;58712;
K;2011XI;58781;
K;2011XII;58507;
K;2012I;59637;
K;2012II;58941;
K;2012III;58461;
K;2012IV;58674;
K;2012V;58572;
K;2012VI;58712;
K;2012VII;59232;
K;2012VIII;59304;
K;2012IX;58773;
K;2012X;57976;
K;2012XI;57554;
K;2012XII;57484;
K;2013I;58331;
K;2013II;58273;
K;2013III;57884;
K;2013IV;57932;
K;2013V;58168;
K;2013VI;58360;
K;2013VII;58818;
K;2013VIII;58655;
K;2013IX;57826;
K;2013X;56938;
K;2013XI;56892;
K;2013XII;56898;
K;2014I;58493;
K;2014II;57743;
K;2014III;57974;
K;2014IV;58387;
K;2014V;58486;
K;2014VI;58703;
K;2014VII;58979;
K;2014VIII;58855;
K;2014IX;58450;
K;2014X;58618;
K;2014XI;58559;
K;2014XII;58561;
K;2015I;57973;
K;2015II;57903;
K;2015III;57779;
K;2015IV;57746;
K;2015V;57947;
K;2015VI;58606;
K;2015VII;58784;
K;2015VIII;58742;
K;2015IX;57873;
K;2015X;57835;
K;2015XI;57901;
K;2015XII;57756;
K;2016I;58421;
K;2016II;58457;
K;2016III;58287;
K;2016IV;58324;
K;2016V;58013;
K;2016VI;58157;
K;2016VII;58799;
K;2016VIII;58884;
K;2016IX;58469;
K;2016X;58538;
K;2016XI;58733;
K;2016XII;58663;
K;2017I;58404;
K;2017II;58313;
K;2017III;58108;
K;2017IV;58326;
K;2017V;58333;
K;2017VI;58521;
K;2017VII;58805;
K;2017VIII;58836;
K;2017IX;58485;
K;2017X;58670;
K;2017XI;58934;
K;2017XII;59015;
K;2018I;58232;
K;2018II;57902;
K;2018III;57919;
K;2018IV;57831;
K;2018V;57949;
K;2018VI;58033;
K;2018VII;58138;
K;2018VIII;58010;
K;2018IX;57427;
K;2018X;57435;
K;2018XI;57440;
K;2018XII;57384;
K;2019I;57289;
K;2019II;57416;
K;2019III;57323;
K;2019IV;57114;
K;2019V;57477;
K;2019VI;58152;
K;2019VII;58378;
K;2019VIII;58254;
K;2019IX;57364;
L;2008I;24541;
L;2008II;24318;
L;2008III;24321;
L;2008IV;24054;
L;2008V;24201;
L;2008VI;24502;
L;2008VII;27118;
L;2008VIII;26766;
L;2008IX;26159;
L;2008X;25868;
L;2008XI;25432;
L;2008XII;25014;
L;2009I;27835;
L;2009II;27370;
L;2009III;26961;
L;2009IV;27286;
L;2009V;27401;
L;2009VI;27608;
L;2009VII;27293;
L;2009VIII;26700;
L;2009IX;25947;
L;2009X;25353;
L;2009XI;24985;
L;2009XII;24922;
L;2010I;24356;
L;2010II;24236;
L;2010III;24337;
L;2010IV;26324;
L;2010V;26455;
L;2010VI;27061;
L;2010VII;27476;
L;2010VIII;27142;
L;2010IX;25971;
L;2010X;25796;
L;2010XI;25560;
L;2010XII;25323;
L;2011I;26607;
L;2011II;26433;
L;2011III;26031;
L;2011IV;26404;
L;2011V;27104;
L;2011VI;27199;
L;2011VII;27408;
L;2011VIII;27057;
L;2011IX;25869;
L;2011X;25581;
L;2011XI;25124;
L;2011XII;24769;
L;2012I;25071;
L;2012II;24954;
L;2012III;24754;
L;2012IV;24603;
L;2012V;24621;
L;2012VI;25166;
L;2012VII;25342;
L;2012VIII;25198;
L;2012IX;24300;
L;2012X;23825;
L;2012XI;23832;
L;2012XII;23656;
L;2013I;22850;
L;2013II;22731;
L;2013III;22655;
L;2013IV;22859;
L;2013V;23095;
L;2013VI;23938;
L;2013VII;24796;
L;2013VIII;24484;
L;2013IX;22833;
L;2013X;22584;
L;2013XI;22511;
L;2013XII;22467;
L;2014I;23776;
L;2014II;23512;
L;2014III;23621;
L;2014IV;24259;
L;2014V;24746;
L;2014VI;25955;
L;2014VII;26012;
L;2014VIII;25721;
L;2014IX;24225;
L;2014X;24375;
L;2014XI;23937;
L;2014XII;23627;
L;2015I;23952;
L;2015II;23787;
L;2015III;23770;
L;2015IV;23797;
L;2015V;24430;
L;2015VI;24909;
L;2015VII;25884;
L;2015VIII;25395;
L;2015IX;24494;
L;2015X;23746;
L;2015XI;23592;
L;2015XII;23442;
L;2016I;24256;
L;2016II;24085;
L;2016III;24012;
L;2016IV;23911;
L;2016V;23855;
L;2016VI;24254;
L;2016VII;24653;
L;2016VIII;24493;
L;2016IX;24118;
L;2016X;23767;
L;2016XI;23899;
L;2016XII;23864;
L;2017I;25038;
L;2017II;25027;
L;2017III;25080;
L;2017IV;24992;
L;2017V;24986;
L;2017VI;25304;
L;2017VII;25939;
L;2017VIII;25760;
L;2017IX;25271;
L;2017X;25228;
L;2017XI;24988;
L;2017XII;24751;
L;2018I;21554;
L;2018II;21430;
L;2018III;21434;
L;2018IV;21668;
L;2018V;21616;
L;2018VI;21837;
L;2018VII;22176;
L;2018VIII;22054;
L;2018IX;21652;
L;2018X;21261;
L;2018XI;21188;
L;2018XII;21233;
L;2019I;21103;
L;2019II;21140;
L;2019III;21242;
L;2019IV;21181;
L;2019V;21957;
L;2019VI;22920;
L;2019VII;23223;
L;2019VIII;22924;
L;2019IX;21977;
M;2008I;70851;
M;2008II;71175;
M;2008III;70871;
M;2008IV;71324;
M;2008V;71209;
M;2008VI;71076;
M;2008VII;74353;
M;2008VIII;73571;
M;2008IX;73775;
M;2008X;73492;
M;2008XI;73200;
M;2008XII;72721;
M;2009I;74680;
M;2009II;74461;
M;2009III;74189;
M;2009IV;73790;
M;2009V;73905;
M;2009VI;73936;
M;2009VII;76536;
M;2009VIII;75855;
M;2009IX;75063;
M;2009X;76996;
M;2009XI;76523;
M;2009XII;75882;
M;2010I;75698;
M;2010II;75334;
M;2010III;74999;
M;2010IV;77741;
M;2010V;76855;
M;2010VI;76543;
M;2010VII;77205;
M;2010VIII;76471;
M;2010IX;75826;
M;2010X;76353;
M;2010XI;75892;
M;2010XII;73375;
M;2011I;75100;
M;2011II;74843;
M;2011III;74583;
M;2011IV;74153;
M;2011V;73633;
M;2011VI;73368;
M;2011VII;73209;
M;2011VIII;72599;
M;2011IX;72406;
M;2011X;71505;
M;2011XI;71463;
M;2011XII;71422;
M;2012I;74732;
M;2012II;74404;
M;2012III;74615;
M;2012IV;74918;
M;2012V;74503;
M;2012VI;74531;
M;2012VII;74212;
M;2012VIII;74169;
M;2012IX;74050;
M;2012X;73791;
M;2012XI;73445;
M;2012XII;73138;
M;2013I;75699;
M;2013II;75665;
M;2013III;75702;
M;2013IV;75943;
M;2013V;75595;
M;2013VI;75409;
M;2013VII;75403;
M;2013VIII;75221;
M;2013IX;74911;
M;2013X;74607;
M;2013XI;74754;
M;2013XII;74594;
M;2014I;75205;
M;2014II;75191;
M;2014III;75422;
M;2014IV;75507;
M;2014V;75554;
M;2014VI;75933;
M;2014VII;76558;
M;2014VIII;76131;
M;2014IX;76035;
M;2014X;76539;
M;2014XI;76347;
M;2014XII;76116;
M;2015I;77071;
M;2015II;77368;
M;2015III;77037;
M;2015IV;77415;
M;2015V;77339;
M;2015VI;77493;
M;2015VII;77931;
M;2015VIII;77745;
M;2015IX;77507;
M;2015X;78873;
M;2015XI;79025;
M;2015XII;78263;
M;2016I;78525;
M;2016II;78595;
M;2016III;78946;
M;2016IV;80683;
M;2016V;80836;
M;2016VI;80949;
M;2016VII;82557;
M;2016VIII;82412;
M;2016IX;81892;
M;2016X;82305;
M;2016XI;82548;
M;2016XII;82370;
M;2017I;82990;
M;2017II;82730;
M;2017III;82829;
M;2017IV;84044;
M;2017V;83852;
M;2017VI;83470;
M;2017VII;84466;
M;2017VIII;83726;
M;2017IX;82992;
M;2017X;84316;
M;2017XI;84365;
M;2017XII;84197;
M;2018I;80998;
M;2018II;81220;
M;2018III;81296;
M;2018IV;81135;
M;2018V;81489;
M;2018VI;81656;
M;2018VII;81389;
M;2018VIII;81171;
M;2018IX;80787;
M;2018X;81024;
M;2018XI;81315;
M;2018XII;80470;
M;2019I;80959;
M;2019II;81168;
M;2019III;81010;
M;2019IV;80832;
M;2019V;81381;
M;2019VI;81320;
M;2019VII;81173;
M;2019VIII;80830;
M;2019IX;79868;
N;2008I;108126;
N;2008II;109560;
N;2008III;112364;
N;2008IV;105151;
N;2008V;105995;
N;2008VI;107962;
N;2008VII;115888;
N;2008VIII;115430;
N;2008IX;114932;
N;2008X;116624;
N;2008XI;120200;
N;2008XII;114761;
N;2009I;120049;
N;2009II;120091;
N;2009III;120537;
N;2009IV;124329;
N;2009V;122326;
N;2009VI;118003;
N;2009VII;117753;
N;2009VIII;113874;
N;2009IX;111347;
N;2009X;116560;
N;2009XI;114907;
N;2009XII;112559;
N;2010I;108746;
N;2010II;108259;
N;2010III;108947;
N;2010IV;106093;
N;2010V;106118;
N;2010VI;106630;
N;2010VII;109017;
N;2010VIII;109486;
N;2010IX;107232;
N;2010X;116882;
N;2010XI;117001;
N;2010XII;116709;
N;2011I;117233;
N;2011II;117297;
N;2011III;119652;
N;2011IV;114747;
N;2011V;117511;
N;2011VI;119852;
N;2011VII;120961;
N;2011VIII;121461;
N;2011IX;120256;
N;2011X;122372;
N;2011XI;122828;
N;2011XII;120207;
N;2012I;122894;
N;2012II;121239;
N;2012III;121402;
N;2012IV;118949;
N;2012V;121361;
N;2012VI;122660;
N;2012VII;124950;
N;2012VIII;128076;
N;2012IX;128991;
N;2012X;128129;
N;2012XI;127490;
N;2012XII;129021;
N;2013I;137547;
N;2013II;138897;
N;2013III;139178;
N;2013IV;137283;
N;2013V;137760;
N;2013VI;137592;
N;2013VII;136875;
N;2013VIII;136184;
N;2013IX;135450;
N;2013X;133587;
N;2013XI;129461;
N;2013XII;125694;
N;2014I;126704;
N;2014II;124940;
N;2014III;119258;
N;2014IV;116874;
N;2014V;122126;
N;2014VI;125297;
N;2014VII;129879;
N;2014VIII;125750;
N;2014IX;120660;
N;2014X;119807;
N;2014XI;119452;
N;2014XII;121653;
N;2015I;120639;
N;2015II;118753;
N;2015III;114634;
N;2015IV;117442;
N;2015V;120195;
N;2015VI;120941;
N;2015VII;124263;
N;2015VIII;123896;
N;2015IX;121769;
N;2015X;118010;
N;2015XI;115466;
N;2015XII;114378;
N;2016I;114946;
N;2016II;117987;
N;2016III;120457;
N;2016IV;124243;
N;2016V;124452;
N;2016VI;125462;
N;2016VII;126996;
N;2016VIII;123864;
N;2016IX;119657;
N;2016X;121767;
N;2016XI;122244;
N;2016XII;121746;
N;2017I;121496;
N;2017II;121339;
N;2017III;121330;
N;2017IV;120848;
N;2017V;123023;
N;2017VI;123765;
N;2017VII;124899;
N;2017VIII;124751;
N;2017IX;123764;
N;2017X;124325;
N;2017XI;122632;
N;2017XII;121453;
N;2018I;117547;
N;2018II;117491;
N;2018III;117890;
N;2018IV;117684;
N;2018V;117728;
N;2018VI;120180;
N;2018VII;120970;
N;2018VIII;120016;
N;2018IX;118476;
N;2018X;117784;
N;2018XI;118388;
N;2018XII;117822;
N;2019I;119797;
N;2019II;120608;
N;2019III;120799;
N;2019IV;120498;
N;2019V;121168;
N;2019VI;122537;
N;2019VII;122746;
N;2019VIII;121806;
N;2019IX;119791;
O;2008I;131317;
O;2008II;131927;
O;2008III;133298;
O;2008IV;133246;
O;2008V;133074;
O;2008VI;133331;
O;2008VII;133717;
O;2008VIII;133844;
O;2008IX;133617;
O;2008X;133394;
O;2008XI;134109;
O;2008XII;134754;
O;2009I;129878;
O;2009II;131378;
O;2009III;131917;
O;2009IV;132012;
O;2009V;131753;
O;2009VI;132388;
O;2009VII;132671;
O;2009VIII;132071;
O;2009IX;129980;
O;2009X;128863;
O;2009XI;128070;
O;2009XII;125706;
O;2010I;119300;
O;2010II;119323;
O;2010III;121827;
O;2010IV;121551;
O;2010V;121424;
O;2010VI;121100;
O;2010VII;119022;
O;2010VIII;118422;
O;2010IX;117659;
O;2010X;117827;
O;2010XI;118093;
O;2010XII;117633;
O;2011I;115587;
O;2011II;116105;
O;2011III;114513;
O;2011IV;115289;
O;2011V;115702;
O;2011VI;116015;
O;2011VII;116415;
O;2011VIII;116580;
O;2011IX;116735;
O;2011X;116742;
O;2011XI;116772;
O;2011XII;115723;
O;2012I;115811;
O;2012II;115821;
O;2012III;115943;
O;2012IV;115508;
O;2012V;115726;
O;2012VI;116119;
O;2012VII;116011;
O;2012VIII;115890;
O;2012IX;115947;
O;2012X;115740;
O;2012XI;116022;
O;2012XII;115673;
O;2013I;115631;
O;2013II;115799;
O;2013III;115687;
O;2013IV;116061;
O;2013V;116390;
O;2013VI;116482;
O;2013VII;116696;
O;2013VIII;116381;
O;2013IX;116142;
O;2013X;115986;
O;2013XI;116165;
O;2013XII;115953;
O;2014I;115110;
O;2014II;115731;
O;2014III;115697;
O;2014IV;115990;
O;2014V;116259;
O;2014VI;117222;
O;2014VII;115880;
O;2014VIII;115428;
O;2014IX;115135;
O;2014X;114691;
O;2014XI;114529;
O;2014XII;114052;
O;2015I;114269;
O;2015II;114603;
O;2015III;114528;
O;2015IV;114260;
O;2015V;113975;
O;2015VI;113931;
O;2015VII;113946;
O;2015VIII;113780;
O;2015IX;113886;
O;2015X;113311;
O;2015XI;112476;
O;2015XII;112059;
O;2016I;111623;
O;2016II;112436;
O;2016III;112729;
O;2016IV;112952;
O;2016V;113001;
O;2016VI;113100;
O;2016VII;113301;
O;2016VIII;113371;
O;2016IX;113209;
O;2016X;113026;
O;2016XI;112992;
O;2016XII;112770;
O;2017I;110539;
O;2017II;110875;
O;2017III;111354;
O;2017IV;112663;
O;2017V;112904;
O;2017VI;113114;
O;2017VII;113211;
O;2017VIII;113308;
O;2017IX;113292;
O;2017X;113206;
O;2017XI;113057;
O;2017XII;112865;
O;2018I;111575;
O;2018II;112242;
O;2018III;113204;
O;2018IV;113715;
O;2018V;113745;
O;2018VI;113981;
O;2018VII;114089;
O;2018VIII;113888;
O;2018IX;113685;
O;2018X;113601;
O;2018XI;113513;
O;2018XII;113397;
O;2019I;111960;
O;2019II;112336;
O;2019III;113400;
O;2019IV;113772;
O;2019V;114074;
O;2019VI;114360;
O;2019VII;114476;
O;2019VIII;114498;
O;2019IX;114814;
P;2008I;180107;
P;2008II;180097;
P;2008III;180244;
P;2008IV;179677;
P;2008V;178588;
P;2008VI;175708;
P;2008VII;170243;
P;2008VIII;167790;
P;2008IX;168275;
P;2008X;169459;
P;2008XI;169780;
P;2008XII;168753;
P;2009I;170682;
P;2009II;170877;
P;2009III;170908;
P;2009IV;170947;
P;2009V;170077;
P;2009VI;167759;
P;2009VII;164685;
P;2009VIII;163431;
P;2009IX;167329;
P;2009X;168307;
P;2009XI;168289;
P;2009XII;167647;
P;2010I;168843;
P;2010II;169349;
P;2010III;169291;
P;2010IV;171492;
P;2010V;170411;
P;2010VI;167673;
P;2010VII;164064;
P;2010VIII;162539;
P;2010IX;167226;
P;2010X;168209;
P;2010XI;168941;
P;2010XII;167853;
P;2011I;167094;
P;2011II;167400;
P;2011III;167255;
P;2011IV;167640;
P;2011V;166681;
P;2011VI;164085;
P;2011VII;159954;
P;2011VIII;158720;
P;2011IX;165243;
P;2011X;166963;
P;2011XI;167335;
P;2011XII;166134;
P;2012I;168537;
P;2012II;168765;
P;2012III;168814;
P;2012IV;168334;
P;2012V;167429;
P;2012VI;164101;
P;2012VII;160798;
P;2012VIII;159629;
P;2012IX;166160;
P;2012X;167332;
P;2012XI;167995;
P;2012XII;167417;
P;2013I;168709;
P;2013II;169147;
P;2013III;168882;
P;2013IV;168581;
P;2013V;167723;
P;2013VI;165273;
P;2013VII;162110;
P;2013VIII;160901;
P;2013IX;167578;
P;2013X;168502;
P;2013XI;169085;
P;2013XII;168493;
P;2014I;170280;
P;2014II;170654;
P;2014III;170496;
P;2014IV;170182;
P;2014V;169195;
P;2014VI;166380;
P;2014VII;163154;
P;2014VIII;162070;
P;2014IX;169989;
P;2014X;171482;
P;2014XI;171992;
P;2014XII;170733;
P;2015I;170354;
P;2015II;170504;
P;2015III;170304;
P;2015IV;170666;
P;2015V;169529;
P;2015VI;166312;
P;2015VII;162102;
P;2015VIII;160714;
P;2015IX;168430;
P;2015X;169934;
P;2015XI;170183;
P;2015XII;169344;
P;2016I;171041;
P;2016II;171104;
P;2016III;171184;
P;2016IV;171008;
P;2016V;169637;
P;2016VI;166314;
P;2016VII;160711;
P;2016VIII;158931;
P;2016IX;166733;
P;2016X;168013;
P;2016XI;168859;
P;2016XII;168186;
P;2017I;168457;
P;2017II;168879;
P;2017III;168954;
P;2017IV;169259;
P;2017V;168217;
P;2017VI;164392;
P;2017VII;160450;
P;2017VIII;159044;
P;2017IX;165812;
P;2017X;167726;
P;2017XI;168124;
P;2017XII;167602;
P;2018I;167971;
P;2018II;168289;
P;2018III;168232;
P;2018IV;167811;
P;2018V;167179;
P;2018VI;163765;
P;2018VII;159957;
P;2018VIII;158452;
P;2018IX;166437;
P;2018X;167678;
P;2018XI;168326;
P;2018XII;167564;
P;2019I;167544;
P;2019II;167865;
P;2019III;167869;
P;2019IV;167442;
P;2019V;166198;
P;2019VI;163773;
P;2019VII;159708;
P;2019VIII;158651;
P;2019IX;165846;
Q;2008I;130438;
Q;2008II;130798;
Q;2008III;130945;
Q;2008IV;130692;
Q;2008V;130420;
Q;2008VI;130696;
Q;2008VII;130526;
Q;2008VIII;129991;
Q;2008IX;129933;
Q;2008X;130361;
Q;2008XI;130731;
Q;2008XII;130864;
Q;2009I;133891;
Q;2009II;134757;
Q;2009III;135133;
Q;2009IV;135386;
Q;2009V;135180;
Q;2009VI;135187;
Q;2009VII;134939;
Q;2009VIII;134896;
Q;2009IX;134883;
Q;2009X;135021;
Q;2009XI;135195;
Q;2009XII;134926;
Q;2010I;133314;
Q;2010II;133304;
Q;2010III;133439;
Q;2010IV;135145;
Q;2010V;134833;
Q;2010VI;134806;
Q;2010VII;134440;
Q;2010VIII;134056;
Q;2010IX;133423;
Q;2010X;133473;
Q;2010XI;133846;
Q;2010XII;133632;
Q;2011I;136180;
Q;2011II;136135;
Q;2011III;137115;
Q;2011IV;137427;
Q;2011V;137323;
Q;2011VI;137601;
Q;2011VII;138233;
Q;2011VIII;138165;
Q;2011IX;138267;
Q;2011X;138630;
Q;2011XI;138603;
Q;2011XII;138024;
Q;2012I;137107;
Q;2012II;136947;
Q;2012III;137073;
Q;2012IV;138798;
Q;2012V;138782;
Q;2012VI;138930;
Q;2012VII;138598;
Q;2012VIII;138639;
Q;2012IX;138481;
Q;2012X;139140;
Q;2012XI;139038;
Q;2012XII;138387;
Q;2013I;139723;
Q;2013II;140439;
Q;2013III;140609;
Q;2013IV;141299;
Q;2013V;141911;
Q;2013VI;142669;
Q;2013VII;143027;
Q;2013VIII;142653;
Q;2013IX;142333;
Q;2013X;140822;
Q;2013XI;141014;
Q;2013XII;141045;
Q;2014I;141266;
Q;2014II;141481;
Q;2014III;141494;
Q;2014IV;141186;
Q;2014V;140780;
Q;2014VI;141869;
Q;2014VII;142111;
Q;2014VIII;141831;
Q;2014IX;141460;
Q;2014X;142448;
Q;2014XI;142478;
Q;2014XII;142037;
Q;2015I;141554;
Q;2015II;143024;
Q;2015III;143040;
Q;2015IV;141990;
Q;2015V;143019;
Q;2015VI;144121;
Q;2015VII;143972;
Q;2015VIII;143154;
Q;2015IX;142092;
Q;2015X;141727;
Q;2015XI;141813;
Q;2015XII;141833;
Q;2016I;142470;
Q;2016II;142722;
Q;2016III;141048;
Q;2016IV;142806;
Q;2016V;143634;
Q;2016VI;143978;
Q;2016VII;144938;
Q;2016VIII;144724;
Q;2016IX;144494;
Q;2016X;145315;
Q;2016XI;145678;
Q;2016XII;145428;
Q;2017I;145833;
Q;2017II;145866;
Q;2017III;145935;
Q;2017IV;146811;
Q;2017V;146841;
Q;2017VI;146697;
Q;2017VII;145708;
Q;2017VIII;145818;
Q;2017IX;145581;
Q;2017X;146746;
Q;2017XI;146439;
Q;2017XII;145943;
Q;2018I;142866;
Q;2018II;143786;
Q;2018III;144314;
Q;2018IV;144702;
Q;2018V;144309;
Q;2018VI;144235;
Q;2018VII;144555;
Q;2018VIII;144473;
Q;2018IX;144547;
Q;2018X;144962;
Q;2018XI;145568;
Q;2018XII;144846;
Q;2019I;145324;
Q;2019II;145818;
Q;2019III;146513;
Q;2019IV;146539;
Q;2019V;146395;
Q;2019VI;146626;
Q;2019VII;146537;
Q;2019VIII;146025;
Q;2019IX;146413;
R;2008I;30943;
R;2008II;30919;
R;2008III;30732;
R;2008IV;30593;
R;2008V;30778;
R;2008VI;31030;
R;2008VII;33232;
R;2008VIII;33059;
R;2008IX;32426;
R;2008X;32672;
R;2008XI;32671;
R;2008XII;32984;
R;2009I;33087;
R;2009II;33225;
R;2009III;33001;
R;2009IV;33229;
R;2009V;33662;
R;2009VI;34137;
R;2009VII;33766;
R;2009VIII;33552;
R;2009IX;31962;
R;2009X;33767;
R;2009XI;33264;
R;2009XII;33511;
R;2010I;35229;
R;2010II;35245;
R;2010III;35140;
R;2010IV;34435;
R;2010V;36278;
R;2010VI;39225;
R;2010VII;40215;
R;2010VIII;39493;
R;2010IX;33340;
R;2010X;33015;
R;2010XI;32881;
R;2010XII;33288;
R;2011I;33322;
R;2011II;33437;
R;2011III;33293;
R;2011IV;33144;
R;2011V;34021;
R;2011VI;34066;
R;2011VII;33654;
R;2011VIII;33920;
R;2011IX;32777;
R;2011X;31794;
R;2011XI;30994;
R;2011XII;31150;
R;2012I;32318;
R;2012II;32614;
R;2012III;32555;
R;2012IV;33216;
R;2012V;34450;
R;2012VI;36025;
R;2012VII;36046;
R;2012VIII;35427;
R;2012IX;32417;
R;2012X;31466;
R;2012XI;30936;
R;2012XII;31742;
R;2013I;33355;
R;2013II;33547;
R;2013III;33316;
R;2013IV;33628;
R;2013V;36692;
R;2013VI;41403;
R;2013VII;42224;
R;2013VIII;40601;
R;2013IX;33659;
R;2013X;32173;
R;2013XI;31863;
R;2013XII;32157;
R;2014I;32699;
R;2014II;32788;
R;2014III;33348;
R;2014IV;35838;
R;2014V;36870;
R;2014VI;38708;
R;2014VII;40734;
R;2014VIII;39649;
R;2014IX;35181;
R;2014X;34602;
R;2014XI;33767;
R;2014XII;34001;
R;2015I;33781;
R;2015II;33948;
R;2015III;33660;
R;2015IV;34669;
R;2015V;34997;
R;2015VI;35940;
R;2015VII;36865;
R;2015VIII;36139;
R;2015IX;34510;
R;2015X;35057;
R;2015XI;34506;
R;2015XII;34852;
R;2016I;35004;
R;2016II;35117;
R;2016III;35500;
R;2016IV;36362;
R;2016V;37700;
R;2016VI;39555;
R;2016VII;40895;
R;2016VIII;40543;
R;2016IX;37523;
R;2016X;36634;
R;2016XI;36270;
R;2016XII;36760;
R;2017I;37615;
R;2017II;37549;
R;2017III;37596;
R;2017IV;38679;
R;2017V;39904;
R;2017VI;43610;
R;2017VII;44949;
R;2017VIII;43802;
R;2017IX;39204;
R;2017X;37910;
R;2017XI;38083;
R;2017XII;38585;
R;2018I;35684;
R;2018II;36020;
R;2018III;35984;
R;2018IV;34829;
R;2018V;35095;
R;2018VI;36122;
R;2018VII;35853;
R;2018VIII;35572;
R;2018IX;33997;
R;2018X;34067;
R;2018XI;34188;
R;2018XII;34172;
R;2019I;36445;
R;2019II;36452;
R;2019III;36197;
R;2019IV;35516;
R;2019V;35375;
R;2019VI;35771;
R;2019VII;36348;
R;2019VIII;36081;
R;2019IX;35231;
S;2008I;31965;
S;2008II;32102;
S;2008III;32281;
S;2008IV;34327;
S;2008V;34427;
S;2008VI;35061;
S;2008VII;33683;
S;2008VIII;33554;
S;2008IX;32913;
S;2008X;32630;
S;2008XI;33002;
S;2008XII;32465;
S;2009I;34234;
S;2009II;34201;
S;2009III;33840;
S;2009IV;34437;
S;2009V;34320;
S;2009VI;35069;
S;2009VII;34914;
S;2009VIII;34697;
S;2009IX;33833;
S;2009X;35614;
S;2009XI;35066;
S;2009XII;34773;
S;2010I;38673;
S;2010II;38348;
S;2010III;39161;
S;2010IV;39315;
S;2010V;39672;
S;2010VI;40700;
S;2010VII;39984;
S;2010VIII;38534;
S;2010IX;37619;
S;2010X;36874;
S;2010XI;36339;
S;2010XII;36277;
S;2011I;37392;
S;2011II;37564;
S;2011III;37641;
S;2011IV;37991;
S;2011V;38082;
S;2011VI;38010;
S;2011VII;37972;
S;2011VIII;37942;
S;2011IX;37494;
S;2011X;37509;
S;2011XI;36998;
S;2011XII;36958;
S;2012I;37884;
S;2012II;38004;
S;2012III;37632;
S;2012IV;38315;
S;2012V;38172;
S;2012VI;38597;
S;2012VII;39056;
S;2012VIII;38559;
S;2012IX;38009;
S;2012X;37335;
S;2012XI;37249;
S;2012XII;37402;
S;2013I;37144;
S;2013II;37359;
S;2013III;37530;
S;2013IV;38102;
S;2013V;38269;
S;2013VI;38652;
S;2013VII;39522;
S;2013VIII;39332;
S;2013IX;38177;
S;2013X;37688;
S;2013XI;37501;
S;2013XII;37538;
S;2014I;38566;
S;2014II;38391;
S;2014III;38480;
S;2014IV;40443;
S;2014V;39388;
S;2014VI;39536;
S;2014VII;40278;
S;2014VIII;39364;
S;2014IX;38754;
S;2014X;39044;
S;2014XI;39092;
S;2014XII;38843;
S;2015I;38723;
S;2015II;38693;
S;2015III;38879;
S;2015IV;39109;
S;2015V;39822;
S;2015VI;39802;
S;2015VII;40200;
S;2015VIII;39739;
S;2015IX;38725;
S;2015X;39720;
S;2015XI;39753;
S;2015XII;39182;
S;2016I;39324;
S;2016II;39461;
S;2016III;39660;
S;2016IV;40583;
S;2016V;41094;
S;2016VI;42003;
S;2016VII;42300;
S;2016VIII;41915;
S;2016IX;41332;
S;2016X;39976;
S;2016XI;40177;
S;2016XII;40140;
S;2017I;40344;
S;2017II;40642;
S;2017III;40397;
S;2017IV;41525;
S;2017V;42235;
S;2017VI;43403;
S;2017VII;43301;
S;2017VIII;42705;
S;2017IX;41230;
S;2017X;41109;
S;2017XI;40882;
S;2017XII;40696;
S;2018I;37609;
S;2018II;37622;
S;2018III;37551;
S;2018IV;37679;
S;2018V;38204;
S;2018VI;38221;
S;2018VII;38389;
S;2018VIII;38293;
S;2018IX;37547;
S;2018X;36581;
S;2018XI;36641;
S;2018XII;36655;
S;2019I;36481;
S;2019II;36489;
S;2019III;36472;
S;2019IV;36506;
S;2019V;36393;
S;2019VI;36357;
S;2019VII;36685;
S;2019VIII;36333;
S;2019IX;35641;
