"sektor","naeti","osigbaza","srzapl","godina","quarter"
0,337,651974.06,644.880375,2013,1
1,52640,87037271.53,551.140889,2013,1
2,14179,25620834.78,602.290481,2013,1
3,550,1943487.25,1176.445066,2013,1
4,12805,49996403.94,1301.447416,2013,1
5,652,1531952.69,783.206896,2013,1
6,5632,21902669.43,1296.246045,2013,1
7,96,248693.47,863.518993,2013,1
8,461,829496.51,599.780556,2013,1
9,176,302719.68,571.169207,2013,1
10,2407,5274267.72,730.40683,2013,1
11,21,40050.97,625.796406,2013,1
12,823,2058904.66,833.2273,2013,1
13,13029,19108473.94,488.870313,2013,1
14,4253,6818335.58,534.352318,2013,1
15,5791,8636239.44,497.106972,2013,1
16,2784,4991677.82,597.591023,2013,1
17,8014,12438675.46,517.351223,2013,1
18,2366,5380769.33,757.854835,2013,1
19,32763,44687395.74,454.648445,2013,1
20,5812,12618125.26,723.640836,2013,1
21,1655,3130358.6,630.358155,2013,1
22,5525,8788549,530.165228,2013,1
23,2391,8545113.26,1191.122562,2013,1
24,4298,9795363.12,759.683815,2013,1
25,3516,12636786.06,1197.913172,2013,1
26,11812,19329041.99,545.463426,2013,1
27,91588,117609614.84,428.038661,2013,1
28,8615,13525585.89,523.334721,2013,1
29,16020,20914607.83,435.177025,2013,1
30,16957,21206942.09,416.860458,2013,1
31,8352,14653920.61,584.846767,2013,1
32,17166,37224385.04,722.817628,2013,1
33,1777,10170925.69,1907.525448,2013,1
34,12216,31191617.84,851.090557,2013,1
35,8793,23629670.75,895.775834,2013,1
36,24547,38183453.8,518.501042,2013,1
37,20912,46360706.57,738.969134,2013,1
38,4354,16448876.41,1259.099541,2013,1
39,3817,6642644.83,580.09299,2013,1
40,48308,84632314.1,583.977216,2013,1
41,8339,19834497.08,792.840751,2013,1
42,20201,47373590.96,781.67793,2013,1
43,33220,71689519.42,719.326517,2013,1
44,653,1542999.45,786.843166,2013,1
45,16416,32384471.67,657.566075,2013,1
46,20269,24675702.55,405.790303,2013,1
47,22599,47834487.62,705.533822,2013,1
48,2047,3198052.68,520.770669,2013,1
49,24872,115179965.16,1543.636286,2013,1
50,1931,9217278.44,1591.106238,2013,1
51,5608,16445025.02,977.474145,2013,1
52,17449,40130949.33,766.618578,2013,1
53,22121,34784844.15,524.152313,2013,1
54,1027,4368321.72,1416.906169,2013,1
55,112524,185753546.86,550.261859,2013,1
56,15261,30809722.23,672.936445,2013,1
57,5938,9672733.66,542.954457,2013,1
58,322030,573759756.69,593.898252,2013,1
59,21778,49546426.49,758.355932,2013,1
60,106545,138005456.88,431.756826,2013,1
61,23966,56636051.68,787.71682,2013,1
62,76015,117491605.94,515.210115,2013,1
63,1490,4158777.88,930.375364,2013,1
64,3073,13311623.97,1443.620428,2013,1
65,17249,58436265.26,1129.225014,2013,1
66,18690,31266925.92,557.621021,2013,1
67,21962,73128487.32,1109.890834,2013,1
68,56078,189951354.95,1129.083454,2013,1
69,143178,387452791.16,902.030552,2013,1
70,58713,65778784.04,373.448151,2013,1
71,3490,10327103.9,986.351852,2013,1
72,8830,13653369.29,515.415979,2013,1
73,18478,37373212.45,674.180796,2013,1
74,24171,42068817.59,580.139524,2013,1
75,36510,90706226.15,828.132913,2013,1
76,5159,7052520.93,455.648076,2013,1
77,23209,36462254.23,523.67229,2013,1
78,21847,20883731.82,318.631287,2013,1
79,14021,30821147.58,732.73774,2013,1
80,892,2574087.67,961.916169,2013,1
81,7025,10518271.49,499.063934,2013,1
82,7631,11258661.94,491.773475,2013,1
83,2234,10700812.55,1596.183256,2013,1
84,23985,58884609.35,818.353267,2013,1
85,1120,1566599.95,466.249985,2013,1
99,349270,613721955.81,585.718742,2013,1
0,402,824492.29,683.658615,2014,1
1,54663,96499522.14,588.444013,2014,1
2,14353,26680236.62,619.591663,2014,1
3,279,368133.11,439.824504,2014,1
4,12383,55081647.85,1482.642401,2014,1
5,734,1782913.87,808.944587,2014,1
6,5799,23402910.31,1345.226781,2014,1
7,107,274950.83,851.240959,2014,1
8,440,834439.21,631.194561,2014,1
9,191,363332.81,634.088673,2014,1
10,2420,5345936.45,736.354882,2014,1
11,48,115531.47,796.768758,2014,1
12,826,2052679.13,828.027079,2014,1
13,13410,20095411.67,499.488259,2014,1
14,4104,7081781.21,575.099984,2014,1
15,5648,9051757.32,534.216083,2014,1
16,3095,5767984.58,621.215355,2014,1
17,7735,13054262.29,562.513995,2014,1
18,2354,5741337.61,812.990315,2014,1
19,34858,48626280.61,464.993981,2014,1
20,6216,14558498.02,780.658374,2014,1
21,1582,3113162.45,655.678696,2014,1
22,5474,9326831.04,567.947329,2014,1
23,2376,8974475.05,1258.868712,2014,1
24,4355,10799427.87,826.592259,2014,1
25,3186,12829781.94,1342.027399,2014,1
26,12472,21716659.62,580.38002,2014,1
27,91335,121703958.73,444.165305,2014,1
28,8732,14078154.84,537.395688,2014,1
29,15744,20714769.56,438.556327,2014,1
30,16544,20682045.44,416.707878,2014,1
31,8380,15994731.03,636.226373,2014,1
32,17327,39101298.95,752.193966,2014,1
33,1680,9924802.43,1968.816193,2014,1
34,13251,32799346.24,825.078515,2014,1
35,8795,25059280.42,949.682814,2014,1
36,25481,41828663.92,547.18047,2014,1
37,21403,49522486.57,771.258161,2014,1
38,4460,18161936.19,1357.191465,2014,1
39,3667,6882777.1,625.593264,2014,1
40,48579,92567167.4,635.157146,2014,1
41,8439,21194116.44,837.083472,2014,1
42,21321,51313647.21,802.239532,2014,1
43,34408,80661681.31,781.423712,2014,1
44,598,1508892.15,841.077006,2014,1
45,17481,36070726.3,687.808216,2014,1
46,20853,27255214.31,435.66519,2014,1
47,22971,51638370.92,749.305244,2014,1
48,2060,3428905.49,554.659574,2014,1
49,24582,116567733.35,1580.622299,2014,1
50,1850,9709571.4,1749.15716,2014,1
51,5098,16238738.23,1061.77182,2014,1
52,17376,41785492.47,801.578631,2014,1
53,18594,30253315.2,542.349058,2014,1
54,1293,6209823.1,1600.057485,2014,1
55,117510,208734084.18,592.101358,2014,1
56,15103,32190038.58,710.424368,2014,1
57,4984,8144086.21,544.645636,2014,1
58,326402,607757777.71,620.663862,2014,1
59,22339,53995369.71,805.696609,2014,1
60,110222,146810941.41,443.982911,2014,1
61,23822,57338247.68,802.315054,2014,1
62,80387,125071270.58,518.619312,2014,1
63,1239,3658280.53,983.937743,2014,1
64,2221,10323696.16,1549.174093,2014,1
65,17523,62708702.84,1192.883692,2014,1
66,18674,33222004.21,593.006518,2014,1
67,21675,76030701.71,1169.217428,2014,1
68,56212,199005078.8,1180.079572,2014,1
69,154089,452480859.91,978.825878,2014,1
70,57786,69058750.81,398.35918,2014,1
71,3715,12545917.36,1125.699179,2014,1
72,9299,16080664.64,576.429889,2014,1
73,20459,41911147.58,682.84777,2014,1
74,24584,45054578.02,610.892965,2014,1
75,36914,97899445.74,884.031765,2014,1
76,6317,8980583.08,473.859385,2014,1
77,23549,38225539.18,541.070365,2014,1
78,22363,22784829.62,339.615883,2014,1
79,14284,33867342.04,790.295935,2014,1
80,994,2803296.95,939.442677,2014,1
81,6466,10155561.21,523.536509,2014,1
82,7830,12257813.66,521.831147,2014,1
83,2283,11707798.27,1708.918153,2014,1
84,24995,65142149.56,868.724155,2014,1
85,1173,1671718.55,474.78516,2014,1
99,326892,614369731.06,626.475748,2014,1
0,500,1152730.74,767.463874,2015,1
1,55978,105259712.43,626.792147,2015,1
2,14651,28378212.89,645.619676,2015,1
3,319,477337.76,498.264885,2015,1
4,12354,53974327.66,1456.28599,2015,1
5,670,1701862.03,845.855879,2015,1
6,5793,23495763.04,1351.8851,2015,1
7,156,333840.24,711.812878,2015,1
8,407,767687.22,628.736461,2015,1
9,123,312322.96,844.116108,2015,1
10,2619,6063756.69,771.764883,2015,1
11,27,70329.13,847.338915,2015,1
12,752,2107959.12,933.551426,2015,1
13,14057,22429549.38,531.871413,2015,1
14,4212,7347929.48,581.41553,2015,1
15,6120,10613233.44,578.062823,2015,1
16,3340,6677740.45,666.308167,2015,1
17,7784,13870089.13,593.906359,2015,1
18,2345,6113746.41,869.047108,2015,1
19,36116,52436743.12,483.961486,2015,1
20,6055,14921424,821.392931,2015,1
21,1635,3527142.54,718.798153,2015,1
22,6226,13609681.35,728.647679,2015,1
23,1608,6021901.87,1248.321283,2015,1
24,4425,12098998.59,911.343672,2015,1
25,3202,12595580.9,1311.220164,2015,1
26,12789,23542986.46,613.593955,2015,1
27,89612,126847592.82,471.840054,2015,1
28,8354,13784985.62,549.991446,2015,1
29,16069,22026778.84,456.911276,2015,1
30,16587,22964644.59,461.498856,2015,1
31,9094,18450550.55,676.26546,2015,1
32,17286,42531916.34,820.145323,2015,1
33,1583,10252194.88,2158.811303,2015,1
34,12748,33458658.93,874.827666,2015,1
35,9066,27247796.54,1001.757225,2015,1
36,26997,49387314.13,609.787681,2015,1
37,21854,54193522.97,826.586992,2015,1
38,4528,18547759.31,1365.31169,2015,1
39,3605,7198854.85,665.513067,2015,1
40,49891,101321987.76,676.955681,2015,1
41,9034,23883574.03,881.215143,2015,1
42,19394,51219057.7,880.294543,2015,1
43,36007,89155925.07,825.349697,2015,1
44,574,1550117.99,900.184663,2015,1
45,24233,57447904.93,790.215889,2015,1
46,21136,31059884.46,489.834005,2015,1
47,23400,58768226.2,837.130369,2015,1
48,2388,4305364.2,600.888234,2015,1
49,25119,129996603.79,1725.030902,2015,1
50,1824,10856770.65,1983.696446,2015,1
51,4828,15990088.66,1103.830502,2015,1
52,17227,42286455.63,818.188875,2015,1
53,16603,28123425.31,564.614039,2015,1
54,1260,6351143.23,1680.196621,2015,1
55,115577,211858006,611.015473,2015,1
56,15797,36556898.45,771.356496,2015,1
57,4635,8037843.48,578.054187,2015,1
58,333772,660775864.21,659.906107,2015,1
59,23715,65400950.29,919.236936,2015,1
60,115624,158661894.69,457.404979,2015,1
61,23747,61082862.6,857.387569,2015,1
62,85251,135476720.42,529.71289,2015,1
63,1234,3581200.31,967.369073,2015,1
64,2078,10366013.06,1662.818905,2015,1
65,18012,67240074.99,1244.357002,2015,1
66,18706,34135706.48,608.273605,2015,1
67,22590,84849914.26,1251.990707,2015,1
68,56626,209620537.99,1233.947526,2015,1
69,167700,532178549.33,1057.798746,2015,1
70,59112,72491322.49,408.774895,2015,1
71,3763,14625565.24,1295.329487,2015,1
72,7826,14255295.36,607.150873,2015,1
73,19365,40894342.34,703.909775,2015,1
74,25400,47943751.58,629.174834,2015,1
75,37352,103114505.97,920.205129,2015,1
76,6411,10411274.95,541.267218,2015,1
77,25933,44352712.73,570.086281,2015,1
78,22391,23888574.09,355.617031,2015,1
79,14552,35862589.84,821.48135,2015,1
80,748,2080755.55,926.839888,2015,1
81,6095,9930782.61,543.110889,2015,1
82,8149,13407149.82,548.372114,2015,1
83,2434,13042468.18,1785.661032,2015,1
84,25850,68946866.02,889.040463,2015,1
85,1220,1784507.64,487.304107,2015,1
99,308018,621309324.8,672.372666,2015,1
0,355,989244.9,927.127366,2016,1
1,57390,113969734.72,661.960473,2016,1
2,14984,31456167.9,699.741244,2016,1
3,319,570748.57,595.770949,2016,1
4,11132,49525327.5,1482.927433,2016,1
5,612,1644311.34,895.594411,2016,1
6,6706,29901430.01,1486.302316,2016,1
7,86,246896.23,949.600884,2016,1
8,407,743436.22,607.879165,2016,1
9,210,491392.12,777.519177,2016,1
10,2478,6118312.17,822.796149,2016,1
11,37,68838.5,614.629464,2016,1
12,870,2235318.47,855.788081,2016,1
13,13517,25505923.98,628.952826,2016,1
14,4603,8623510.55,624.484796,2016,1
15,6365,11964441.37,626.541755,2016,1
16,3480,7618093.36,729.562666,2016,1
17,8004,15043350.26,626.466924,2016,1
18,2083,6023075.29,963.846261,2016,1
19,36381,57005520.56,522.301206,2016,1
20,5789,15434118.77,888.60146,2016,1
21,1781,4040592.44,756.240396,2016,1
22,5318,10562172.35,661.99764,2016,1
23,2253,9709371.17,1436.29751,2016,1
24,4643,13341008.39,957.717759,2016,1
25,2876,10786389.03,1249.871266,2016,1
26,13163,26735819.89,677.027599,2016,1
27,87380,136475459.08,520.620504,2016,1
28,7383,13663232.31,616.878067,2016,1
29,15584,24231942.42,518.297059,2016,1
30,16646,25622402.47,513.063725,2016,1
31,9174,20473073.26,743.826233,2016,1
32,17070,43421969.47,847.886617,2016,1
33,1803,11348727.9,2098.119412,2016,1
34,12632,35189664.74,928.536195,2016,1
35,8051,25770589.58,1066.928441,2016,1
36,28106,56877359.18,674.549735,2016,1
37,22170,58328539.69,876.962648,2016,1
38,4962,20292182.23,1363.172257,2016,1
39,4585,11220692.03,815.753691,2016,1
40,50136,111915353.14,744.068566,2016,1
41,8947,25727570.42,958.517582,2016,1
42,20674,58822209.92,948.378207,2016,1
43,39580,105303440.46,886.840495,2016,1
44,595,1581122.63,885.782985,2016,1
45,26715,65666156.48,819.341898,2016,1
46,21453,35110416.34,545.523163,2016,1
47,25942,70469019.13,905.445586,2016,1
48,2259,4434971.12,654.415098,2016,1
49,24983,129402307.25,1726.515106,2016,1
50,1951,11573014.21,1977.279038,2016,1
51,4496,16308034.51,1209.077291,2016,1
52,17202,43957926.21,851.798748,2016,1
53,16255,30255168.79,620.427946,2016,1
54,1263,6137627.24,1618.999535,2016,1
55,110477,210840590.35,636.150372,2016,1
56,15660,37836784.05,805.346389,2016,1
57,4695,8472903.97,601.512421,2016,1
58,335053,712386789.81,708.729744,2016,1
59,23856,70304695.05,982.348187,2016,1
60,120053,172337318.9,478.503435,2016,1
61,23324,64366885.7,919.894896,2016,1
62,88927,149568934.79,560.638926,2016,1
63,1280,3868138.36,1007.327697,2016,1
64,2185,11302414.33,1723.717299,2016,1
65,17685,67957097.9,1280.831895,2016,1
66,19096,37534859.45,655.172969,2016,1
67,22780,85900280.33,1256.917859,2016,1
68,56411,212912953.45,1258.105413,2016,1
69,183275,620177265.46,1127.951871,2016,1
70,57950,80817512.28,464.86921,2016,1
71,3835,16848795.58,1464.47593,2016,1
72,6950,13795551.13,661.657128,2016,1
73,20489,46109903.17,750.132638,2016,1
74,25528,50980297.23,665.660789,2016,1
75,37952,111603606.27,980.199953,2016,1
76,7539,12465951.13,551.12742,2016,1
77,26972,50159017.88,619.889983,2016,1
78,22687,27536495.97,404.573644,2016,1
79,14142,36351995.58,856.792579,2016,1
80,549,1933699.47,1173.361328,2016,1
81,5618,9902971.71,587.504254,2016,1
82,8130,14114316.88,578.669053,2016,1
83,2549,14276934.34,1866.509915,2016,1
84,25289,72080287.01,950.062436,2016,1
85,1499,2577344.46,572.997879,2016,1
99,304413,661135846.33,723.946137,2016,1
0,218,702912.31,1073.148564,2017,1
1,58072,120129606.27,689.54405,2017,1
2,14411,30097651.75,696.173102,2017,1
3,500,833353.3,555.198734,2017,1
4,9929,46162609.27,1549.756916,2017,1
5,538,1469994.43,910.213269,2017,1
6,6708,31752709.03,1577.695966,2017,1
7,108,296827.82,913.316369,2017,1
8,333,599912.53,599.91253,2017,1
9,110,302611.68,911.480963,2017,1
10,2258,5732335.03,846.226015,2017,1
11,134,232214.37,574.788044,2017,1
12,742,2188092.15,982.52903,2017,1
13,13698,27868319.72,678.127304,2017,1
14,4961,10200062.01,685.303816,2017,1
15,6419,12974293.4,673.744269,2017,1
16,3384,8168927.02,804.50335,2017,1
17,8042,16239253.72,673.045993,2017,1
18,2096,6366388.71,1012.466397,2017,1
19,37469,65248011.99,580.457013,2017,1
20,4797,13310101.57,924.826401,2017,1
21,1791,4348108.4,809.10093,2017,1
22,5142,11069609.32,717.594277,2017,1
23,2185,9735986.65,1485.276376,2017,1
24,4670,14367120.84,1025.417232,2017,1
25,2017,8510139.23,1406.169733,2017,1
26,14208,30965509.85,726.446531,2017,1
27,84230,142145918.95,562.530843,2017,1
28,7209,14272419.38,659.904724,2017,1
29,13298,21034776.21,527.266661,2017,1
30,15953,25369789.14,530.08335,2017,1
31,10047,24976290.29,828.648362,2017,1
32,17142,46243460.2,899.205868,2017,1
33,1754,11194766.86,2127.473747,2017,1
34,12782,38016211.27,991.347952,2017,1
35,8056,27236517.51,1126.966133,2017,1
36,29537,65925170.39,743.984047,2017,1
37,22257,62596932.76,937.472784,2017,1
38,6887,27584690.65,1335.044557,2017,1
39,4645,12750241.76,914.979674,2017,1
40,49156,122089780.31,827.895709,2017,1
41,9361,29469298.51,1049.289603,2017,1
42,21048,64242521.77,1017.397088,2017,1
43,42399,127855318.92,1005.15978,2017,1
44,545,1522424.75,931.146636,2017,1
45,29965,80369613.88,894.028809,2017,1
46,22408,41001631.2,609.92549,2017,1
47,25814,75751695,978.148016,2017,1
48,2399,5179514.01,719.676811,2017,1
49,25010,138701472.43,1848.564244,2017,1
50,1999,11650577.48,1942.086594,2017,1
51,4299,16775902.77,1300.760081,2017,1
52,17075,45829709.06,894.674652,2017,1
53,15805,31358325.25,661.344804,2017,1
54,1277,6403963.56,1670.744471,2017,1
55,112311,218822319.55,649.451582,2017,1
56,14114,35465648.83,837.579973,2017,1
57,4627,9030551.46,650.569228,2017,1
58,338474,749518190.81,738.13395,2017,1
59,24202,75023720.89,1033.299188,2017,1
60,124379,187899830.09,503.56524,2017,1
61,24339,72041769.63,986.64379,2017,1
62,92658,162795438.19,585.64566,2017,1
63,1287,3968613.15,1027.339671,2017,1
64,2241,11663634.45,1734.627372,2017,1
65,18022,72317642.41,1337.531301,2017,1
66,19402,40971555.97,703.881871,2017,1
67,22796,92377858.26,1350.770712,2017,1
68,57223,223346572.83,1301.015155,2017,1
69,195866,704513813.79,1198.968369,2017,1
70,56165,85041054.65,504.706667,2017,1
71,4382,20321387.39,1545.705285,2017,1
72,9221,18009835.17,651.020646,2017,1
73,23193,55527609.06,798.028327,2017,1
74,25637,53493443.49,695.523962,2017,1
75,38632,117911064.39,1017.386832,2017,1
76,8067,13681731.79,565.337456,2017,1
77,28213,55113635.09,651.153533,2017,1
78,22697,29987354.97,440.394686,2017,1
79,15300,39965971.88,870.718341,2017,1
80,608,2395252.44,1313.186644,2017,1
81,5133,9743142.06,632.712647,2017,1
82,8401,15574334.4,617.955576,2017,1
83,2546,14734852.21,1928.645577,2017,1
84,25184,76298739.71,1009.857052,2017,1
85,1527,2844336.62,620.898629,2017,1
99,301099,705198289.7,780.692849,2017,1
0,160,585681.12,1217.632266,2018,1
1,59283,130807127.49,735.495434,2018,1
2,15028,34198191.73,758.510218,2018,1
3,573,1003951.81,584.032466,2018,1
4,9372,49413577.61,1757.4896,2018,1
5,525,1494607.59,948.355069,2018,1
6,6868,35124744.55,1704.753666,2018,1
7,114,349771.65,1022.724122,2018,1
8,298,664668.71,742.646603,2018,1
9,126,346268.79,913.637968,2018,1
10,2245,6355677.99,943.39884,2018,1
11,166,263589.6,527.1792,2018,1
12,919,2468223.46,895.256967,2018,1
13,13283,28711860.7,720.480306,2018,1
14,4976,11875741.38,795.48137,2018,1
15,6547,14495381.99,737.941352,2018,1
16,3530,9306610.79,878.811217,2018,1
17,8037,17343452.65,719.287186,2018,1
18,2852,8393576.62,980.90179,2018,1
19,36477,70089478.72,640.49016,2018,1
20,4660,13466930.97,963.230882,2018,1
21,2018,5472362.53,903.77581,2018,1
22,4900,11383050.11,774.251809,2018,1
23,2132,10277953.31,1606.683337,2018,1
24,4826,16335526.82,1128.144117,2018,1
25,1556,5993278.35,1283.632116,2018,1
26,14160,33894677.37,797.859737,2018,1
27,79265,146931110.71,617.887225,2018,1
28,6918,14818255.41,713.995153,2018,1
29,12379,22352818.99,601.885373,2018,1
30,15882,27560569.31,578.420275,2018,1
31,9841,26656630.58,902.849469,2018,1
32,16766,49063673.58,975.459731,2018,1
33,1766,11175324.98,2108.551883,2018,1
34,13148,42770455.56,1084.306136,2018,1
35,7941,27570123.44,1157.241581,2018,1
36,31322,78664995.58,837.164459,2018,1
37,23470,71396305.98,1013.979236,2018,1
38,7288,31049628.94,1420.125729,2018,1
39,4392,13649034.37,1035.743995,2018,1
40,48688,128787424.2,881.713101,2018,1
41,10161,35422212.05,1162.031691,2018,1
42,22753,74458687.52,1090.793974,2018,1
43,45306,149309913.71,1098.521278,2018,1
44,605,1825966.72,1006.042269,2018,1
45,32898,100672938.75,1020.040921,2018,1
46,22291,46072788.3,688.949192,2018,1
47,26810,84724906.51,1053.373116,2018,1
48,2378,5738458.58,804.381634,2018,1
49,25047,140599338.92,1871.115207,2018,1
50,2029,12321496.18,2024.231342,2018,1
51,4222,17382502.32,1372.158377,2018,1
52,16862,48668423.72,962.092747,2018,1
53,15739,34632750.33,733.480533,2018,1
54,1315,6621395.07,1677.576658,2018,1
55,122777,254829801.88,691.846242,2018,1
56,14443,40800348.89,941.618945,2018,1
57,4610,9997407.79,722.8261,2018,1
58,342197,814438816.7,793.341486,2018,1
59,24493,81868105.88,1114.139789,2018,1
60,129220,214530309.07,553.395249,2018,1
61,24335,79532176.32,1089.377406,2018,1
62,94836,179684441.07,631.561998,2018,1
63,1164,3899118.8,1115.946994,2018,1
64,2459,13439410.89,1821.552031,2018,1
65,18823,79911853.32,1415.120476,2018,1
66,19705,44773419.96,757.395245,2018,1
67,21872,92993893.44,1417.244169,2018,1
68,58669,240680078.78,1367.44606,2018,1
69,207217,800483321.83,1287.673182,2018,1
70,55326,90453826.64,544.974795,2018,1
71,4684,22459707.19,1598.100696,2018,1
72,10626,21583303.18,677.059513,2018,1
73,23640,62372308.37,879.449372,2018,1
74,26515,59638827.55,749.749544,2018,1
75,38912,125027332.87,1071.026357,2018,1
76,8281,15983219.93,643.343259,2018,1
77,29467,63173412.89,714.615199,2018,1
78,22969,33377599.15,484.386189,2018,1
79,16173,43509241.32,896.746456,2018,1
80,631,2292106.96,1209.555124,2018,1
81,4611,9348333.97,675.701768,2018,1
82,8286,16688132.31,671.338495,2018,1
83,2545,15282707.87,2001.664423,2018,1
84,24667,80062331.31,1081.894155,2018,1
85,1491,3063293.45,684.534849,2018,1
99,321732,840935212.01,871.256687,2018,1
0,377,736959.36,651.024169,2013,2
1,61160,106026271.49,577.856528,2013,2
2,15771,29375434.62,620.874487,2013,2
3,277,376365.63,452.906895,2013,2
4,13064,51989592.81,1326.468153,2013,2
5,672,1626698.44,806.894067,2013,2
6,5765,22934148.56,1325.903252,2013,2
7,105,275066.58,867.717917,2013,2
8,559,1054941.08,628.315116,2013,2
9,226,371833.99,546.814691,2013,2
10,2544,5811283.72,761.33679,2013,2
11,30,54431.95,604.799444,2013,2
12,822,1942383.75,787.027451,2013,2
13,13498,19779555.07,488.444377,2013,2
14,4187,6883441.28,548.001057,2013,2
15,6642,9563705.29,479.96112,2013,2
16,2719,4934192.38,604.902829,2013,2
17,8467,13446475.09,529.347102,2013,2
18,2353,5594637,792.441501,2013,2
19,33341,45762399.03,457.509612,2013,2
20,6582,15136849.94,766.500402,2013,2
21,1629,3197607.95,654.175112,2013,2
22,5559,9049993.3,542.663146,2013,2
23,2489,9147011.17,1224.991451,2013,2
24,4461,10776464.9,805.175201,2013,2
25,3501,12801089.24,1218.803126,2013,2
26,12058,20719643.49,572.761395,2013,2
27,91994,120103339.72,435.183832,2013,2
28,8741,14267974.34,544.101526,2013,2
29,15972,20173877.97,421.025919,2013,2
30,17895,22808444.51,424.84902,2013,2
31,8420,15049033.92,595.718229,2013,2
32,17291,38261512.71,737.585547,2013,2
33,1725,10116862.21,1954.193975,2013,2
34,12643,31002967.83,817.351713,2013,2
35,8858,23851589.43,897.486056,2013,2
36,25815,40912473.42,528.277789,2013,2
37,22230,50972769.84,764.324034,2013,2
38,4306,17081614.59,1322.20873,2013,2
39,3849,6801147.59,588.996933,2013,2
40,47981,86904596.53,603.738929,2013,2
41,8137,20096568.93,823.258732,2013,2
42,20228,48445189.94,798.318995,2013,2
43,32857,73319903.79,743.813253,2013,2
44,644,1555951.71,805.358027,2013,2
45,16734,34296334.88,683.166704,2013,2
46,20519,25616107.79,416.13639,2013,2
47,22860,49668382.82,724.229492,2013,2
48,2038,3269907.73,534.822984,2013,2
49,24706,120647292.82,1627.751221,2013,2
50,1955,9631474.62,1641.635353,2013,2
51,5470,16672653.25,1016.005682,2013,2
52,17508,40895549.35,778.60691,2013,2
53,21896,35349516.2,538.134485,2013,2
54,1310,6677484.74,1698.673299,2013,2
55,120947,202695657.55,558.631853,2013,2
56,16254,35250409.27,722.907371,2013,2
57,5724,9349347.29,544.453021,2013,2
58,331707,597567771.97,600.496392,2013,2
59,22138,50719212.17,763.67104,2013,2
60,137109,172709369.28,419.881334,2013,2
61,23644,57965503.59,817.186691,2013,2
62,78025,122910725.03,525.09121,2013,2
63,1465,4148006.09,943.801158,2013,2
64,2921,12484433.98,1424.513233,2013,2
65,18265,62380784.58,1138.418581,2013,2
66,19179,34796442.82,604.745352,2013,2
67,21600,72954411.3,1125.83968,2013,2
68,56816,201250773.91,1180.702692,2013,2
69,148813,405776296.41,908.915635,2013,2
70,58653,67304838.18,382.498611,2013,2
71,3504,10753965.08,1022.823385,2013,2
72,8583,14317009.02,555.978758,2013,2
73,18388,38657231.48,700.756484,2013,2
74,24657,43187073.04,583.830003,2013,2
75,36677,93659346.38,851.193245,2013,2
76,5541,7761286.82,466.872402,2013,2
77,24480,36992613.77,503.698343,2013,2
78,23121,22155426.3,319.412745,2013,2
79,14495,32937273.24,757.439881,2013,2
80,887,2645862.17,993.937704,2013,2
81,6946,10882082.77,522.222995,2013,2
82,7755,11766536.52,505.71782,2013,2
83,2238,11013424.7,1639.878603,2013,2
84,24513,63245349.53,860.024606,2013,2
85,1157,1522473.62,438.500466,2013,2
99,349646,649131912.18,618.846198,2013,2
0,389,827137.51,708.772502,2014,2
1,62450,112286653.69,599.338427,2014,2
2,15651,28585774.7,608.790857,2014,2
3,315,420498.4,444.501479,2014,2
4,12414,54697108.66,1468.654744,2014,2
5,737,1908573.8,862.827215,2014,2
6,5807,23941940.1,1374.314913,2014,2
7,121,314694.98,862.178027,2014,2
8,534,943046.84,588.668439,2014,2
9,195,363429.88,620.187508,2014,2
10,2521,5861882.05,774.971185,2014,2
11,48,115912.69,793.922534,2014,2
12,901,2270788.24,839.78855,2014,2
13,13816,20910111.84,504.490248,2014,2
14,4070,7263213.19,594.80904,2014,2
15,6332,9944251.85,523.436774,2014,2
16,2975,5703469.77,639.044231,2014,2
17,8189,14068901.99,572.674807,2014,2
18,2340,5774184.84,822.533452,2014,2
19,35102,49720873.98,472.151651,2014,2
20,6147,14650492.89,794.452192,2014,2
21,1630,3344989.03,684.046836,2014,2
22,5490,9417430.08,571.758246,2014,2
23,2504,9728887.99,1294.940501,2014,2
24,4532,11074012.81,814.505208,2014,2
25,3347,13110356.88,1305.552368,2014,2
26,12599,22896825.6,605.784205,2014,2
27,91015,122573594.13,448.913527,2014,2
28,8827,14710669.72,555.475955,2014,2
29,16168,21427791.11,441.773691,2014,2
30,16886,21678005,427.920112,2014,2
31,8383,16448068.09,653.972728,2014,2
32,17339,40312168.14,774.980643,2014,2
33,1672,10352243.69,2063.021859,2014,2
34,13659,34043566.59,830.776675,2014,2
35,8915,25705727.25,961.069549,2014,2
36,26331,44886513.98,568.234071,2014,2
37,22557,54362772.01,803.327402,2014,2
38,4461,18295556.84,1366.972268,2014,2
39,3689,7132771.05,644.449859,2014,2
40,49395,96087688.95,648.421851,2014,2
41,8759,22519738.26,856.948067,2014,2
42,21862,53098128,809.570775,2014,2
43,34456,81175950.64,785.295062,2014,2
44,589,1536590.78,869.604289,2014,2
45,17856,40494223.34,755.912326,2014,2
46,21194,28235519.01,444.080384,2014,2
47,23412,55040065.76,783.633494,2014,2
48,2066,3493749.76,563.508025,2014,2
49,24537,125954533,1711.083031,2014,2
50,1875,10236591.11,1819.191595,2014,2
51,5019,16298383.28,1082.301831,2014,2
52,17381,42684512.78,818.604851,2014,2
53,17976,29987178.18,556.049216,2014,2
54,1308,6665379.92,1697.753418,2014,2
55,123476,222289756.5,600.087348,2014,2
56,17362,38243640.95,734.226216,2014,2
57,5157,8395373.25,542.652268,2014,2
58,335338,630963940.09,627.192007,2014,2
59,22906,55467868.4,807.169318,2014,2
60,139295,182982167.25,437.874753,2014,2
61,23850,61349137.68,857.430296,2014,2
62,83065,130947688.22,525.47859,2014,2
63,1225,3654585.46,994.174499,2014,2
64,2296,10534339.43,1529.375643,2014,2
65,18586,65415041.71,1173.153545,2014,2
66,18769,34990635.07,621.414986,2014,2
67,21543,76497611.31,1183.642193,2014,2
68,56784,208504014.82,1223.952703,2014,2
69,159647,473242723.21,988.10234,2014,2
70,58125,71112895.62,407.81355,2014,2
71,3761,12930447.2,1145.90989,2014,2
72,8777,15683166.05,595.616043,2014,2
73,19987,42811434.11,713.987994,2014,2
74,24595,45226960.11,612.939408,2014,2
75,37378,101063721.15,901.260265,2014,2
76,6324,9245816.36,487.340099,2014,2
77,24967,39039018.91,521.208247,2014,2
78,23276,23858427.15,341.66443,2014,2
79,14568,34826611.59,796.85646,2014,2
80,955,2741271.37,956.813741,2014,2
81,6434,10476703.53,542.778133,2014,2
82,7860,12557954.61,532.545464,2014,2
83,2302,11956931.24,1731.132364,2014,2
84,25283,67953817.8,895.909211,2014,2
85,1180,1673471.78,472.598638,2014,2
99,316859,645805631.79,679.382051,2014,2
0,442,1031256.58,776.548629,2015,2
1,63058,122931255.78,649.828231,2015,2
2,16369,32657984.9,665.037263,2015,2
3,356,543895.21,509.265177,2015,2
4,12297,55563585.35,1506.073925,2015,2
5,648,1690805.58,869.308781,2015,2
6,5820,24646633.64,1411.605592,2015,2
7,153,370016.8,804.384347,2015,2
8,494,910437.66,614.330404,2015,2
9,146,341290.05,779.201027,2015,2
10,2651,6521847.92,819.945677,2015,2
11,32,87015.71,906.413645,2015,2
12,945,2695077.37,950.644574,2015,2
13,13537,22103437.02,544.258766,2015,2
14,4166,7688910.95,615.162088,2015,2
15,6640,11210600.68,562.752907,2015,2
16,3352,6911820.21,687.196282,2015,2
17,8276,15106737.89,608.45569,2015,2
18,2326,6096443.32,873.541097,2015,2
19,36198,53313057.08,490.930209,2015,2
20,5956,14888216.71,833.186899,2015,2
21,1708,3749014.63,731.657812,2015,2
22,6295,13558212.83,717.859524,2015,2
23,1628,6841291.53,1400.755841,2015,2
24,4525,12208747.74,899.28902,2015,2
25,3198,12559055.34,1309.053089,2015,2
26,12877,25193987.54,652.153332,2015,2
27,88959,129298870.9,484.48681,2015,2
28,7973,14131835.73,590.820507,2015,2
29,15983,22877591.11,477.103524,2015,2
30,17332,25064099.67,482.020455,2015,2
31,9177,18902017.57,686.547202,2015,2
32,17421,44009349.76,842.058582,2015,2
33,1887,11911955.15,2104.213946,2015,2
34,12733,33663577.99,881.268566,2015,2
35,8685,26497130.3,1016.969115,2015,2
36,27553,52389140.47,633.798382,2015,2
37,23043,59393113.47,859.138642,2015,2
38,4609,19372558.73,1400.966063,2015,2
39,3871,8245184.14,709.873795,2015,2
40,50478,105018547.03,693.484686,2015,2
41,9166,24807984.9,902.108541,2015,2
42,19788,53569349.12,902.387795,2015,2
43,36815,93332919.53,845.047122,2015,2
44,606,1636576.16,899.21767,2015,2
45,24075,59024683.89,817.222106,2015,2
46,21538,32347146.62,500.613582,2015,2
47,24074,61621609.87,853.224915,2015,2
48,2366,4374444.59,616.292559,2015,2
49,25126,133764868.78,1774.564119,2015,2
50,1944,11071605.14,1897.772564,2015,2
51,4662,16198878.32,1158.138151,2015,2
52,17244,43109250.92,833.302745,2015,2
53,16994,29153922.59,571.847369,2015,2
54,1295,6759600.21,1739.027581,2015,2
55,124554,227628237.19,609.180564,2015,2
56,16641,41600702.81,833.297334,2015,2
57,4812,8571546.17,593.720729,2015,2
58,341383,683371618.19,667.257353,2015,2
59,23943,67657578.93,941.899443,2015,2
60,141903,191237838.16,449.22092,2015,2
61,23832,64137116.21,897.07279,2015,2
62,87656,141093033.32,536.538654,2015,2
63,1299,3722215.51,955.148963,2015,2
64,2256,11182055.18,1652.194914,2015,2
65,18598,69316259.91,1242.360467,2015,2
66,18726,34633341.77,616.471017,2015,2
67,22616,83759487.42,1234.516675,2015,2
68,57290,220538995.76,1283.158372,2015,2
69,175811,560831762.02,1063.319199,2015,2
70,59449,74530539.54,417.896233,2015,2
71,3802,15429869.55,1352.785336,2015,2
72,7514,14198458.12,629.838891,2015,2
73,19092,41760894.32,729.116808,2015,2
74,25692,49122367.81,637.323781,2015,2
75,37754,105594922.77,932.29848,2015,2
76,7240,11350413.78,522.554844,2015,2
77,27392,46008715.77,559.866579,2015,2
78,23414,25063851.06,356.811272,2015,2
79,14669,36644465.44,832.677364,2015,2
80,658,1914575.38,969.896342,2015,2
81,6048,10314118.82,568.396275,2015,2
82,8137,13507897.72,553.352903,2015,2
83,2474,13433241.02,1809.678165,2015,2
84,25893,71345193.72,918.44997,2015,2
85,1240,1806213.2,485.280279,2015,2
99,305728,652562675.71,711.484243,2015,2
0,299,843843.81,940.740033,2016,2
1,72179,135579837.17,626.127808,2016,2
2,16602,36340253.75,729.636062,2016,2
3,330,605284.57,610.781604,2016,2
4,10781,47283842.17,1461.949793,2016,2
5,549,1482497,899.027895,2016,2
6,6678,31060640.23,1550.318953,2016,2
7,88,286340.44,1084.622878,2016,2
8,464,888052.72,637.968908,2016,2
9,225,478080.73,706.175376,2016,2
10,2408,6241884.29,863.809063,2016,2
11,91,119706.9,438.486813,2016,2
12,1012,2243045.84,738.572881,2016,2
13,13854,25990299.43,625.322989,2016,2
14,4580,9228845.01,671.579465,2016,2
15,6946,12643173.21,606.736405,2016,2
16,3352,7573583.57,753.140768,2016,2
17,8471,16512668.41,649.746927,2016,2
18,2087,6134207.48,979.435969,2016,2
19,36478,58728419.46,536.646254,2016,2
20,5839,15712810.02,896.901079,2016,2
21,1835,4262412.76,773.999048,2016,2
22,5417,11012292.3,677.554439,2016,2
23,2303,10294655.84,1489.604375,2016,2
24,4825,14566868.49,1006.277182,2016,2
25,2648,9911914.54,1247.566336,2016,2
26,13652,28988635.18,707.764909,2016,2
27,86773,137951164.81,529.927146,2016,2
28,7306,14453560.74,659.37777,2016,2
29,14899,23212554.31,519.308134,2016,2
30,17092,26704485.52,520.778609,2016,2
31,9211,20776316.91,751.866135,2016,2
32,17095,44132137.71,860.527205,2016,2
33,1798,11629608.91,2155.62723,2016,2
34,13128,37656773.78,956.095409,2016,2
35,8111,25706206.17,1056.390489,2016,2
36,28608,60028645.55,699.430766,2016,2
37,23364,65177160.55,929.880165,2016,2
38,5058,21393200.22,1409.858983,2016,2
39,4582,11643413.04,847.040087,2016,2
40,50852,119162017.25,781.093205,2016,2
41,8775,26402115.36,1002.853168,2016,2
42,20987,62340546.71,990.129708,2016,2
43,40263,110833006.78,917.560139,2016,2
44,592,1636209.48,920.2528,2016,2
45,27456,73091854.14,887.370905,2016,2
46,21503,35904057.46,556.565764,2016,2
47,26637,73203968.48,916.045805,2016,2
48,2398,4973624.68,691.261248,2016,2
49,25014,137431793.1,1831.37392,2016,2
50,1992,11817542.55,1977.169575,2016,2
51,4499,16501294.65,1222.589808,2016,2
52,17159,44839572.03,871.060318,2016,2
53,16097,30901167.7,639.881713,2016,2
54,1289,7194362.7,1860.450659,2016,2
55,116160,223688735.1,641.898344,2016,2
56,15553,40343662.44,864.61204,2016,2
57,4937,9050669.94,610.995067,2016,2
58,342526,737896233.69,718.091975,2016,2
59,24007,71728088.2,995.90531,2016,2
60,149677,211748890.71,471.568534,2016,2
61,24300,69134307.61,948.344411,2016,2
62,91737,156672537.03,569.277385,2016,2
63,1371,4080541.23,992.108249,2016,2
64,2418,12113335.23,1669.653374,2016,2
65,18504,72492397.01,1305.839914,2016,2
66,19151,38413153.8,668.601357,2016,2
67,22827,87724823.85,1280.990973,2016,2
68,56981,224702093.46,1314.470112,2016,2
69,189218,652476511.01,1149.42643,2016,2
70,57633,82017937.43,474.36358,2016,2
71,3937,17601244.6,1489.989384,2016,2
72,7550,14751578.93,651.226334,2016,2
73,20073,46500018.42,772.181843,2016,2
74,25910,52527836.16,675.764317,2016,2
75,38253,114943797.87,1001.610312,2016,2
76,6958,11987870.03,574.269222,2016,2
77,28519,51610346.01,603.227626,2016,2
78,23536,28517735.74,403.876727,2016,2
79,14428,37808397.71,873.455567,2016,2
80,535,1887465.97,1175.259009,2016,2
81,5509,10183949.36,616.126163,2016,2
82,8178,14280342.77,582.015926,2016,2
83,2543,14422125.25,1889.939097,2016,2
84,25267,75089239.3,990.597072,2016,2
85,1513,2609620.88,574.806361,2016,2
99,307341,700471843.27,759.71025,2016,2
0,204,670532.58,1092.072605,2017,2
1,73234,141099355.17,642.227712,2017,2
2,16223,35828948.91,736.145731,2017,2
3,587,960227.12,544.655201,2017,2
4,9759,47667900.18,1628.057658,2017,2
5,523,1450430.46,924.429866,2017,2
6,6724,33450838.41,1658.280706,2017,2
7,113,336418.43,989.46597,2017,2
8,407,810157.71,662.434758,2017,2
9,136,326788.86,800.953088,2017,2
10,2332,6400758.71,914.786152,2017,2
11,177,292057.91,550.014896,2017,2
12,824,2575244.54,1041.76559,2017,2
13,13883,28464785.29,683.444627,2017,2
14,4630,9789812.07,704.810084,2017,2
15,6875,13915340.88,674.683194,2017,2
16,3339,8271960.19,825.792172,2017,2
17,8406,17402556.72,690.084729,2017,2
18,2093,6494047.13,1033.919301,2017,2
19,37421,66778680.73,594.836107,2017,2
20,4840,13613835.78,937.527427,2017,2
21,1857,4678167.27,839.434284,2017,2
22,5154,11303463.71,731.047969,2017,2
23,2241,10360683.02,1540.851133,2017,2
24,4794,15155985.31,1053.81625,2017,2
25,2232,9026322.73,1347.815847,2017,2
26,14302,32796393.35,764.342158,2017,2
27,83265,142781623.77,571.590626,2017,2
28,7226,15149514.02,698.84279,2017,2
29,13338,21946062.83,548.432197,2017,2
30,16610,27386839.51,549.594419,2017,2
31,9986,25657149.28,856.437321,2017,2
32,17270,47708744.31,920.804916,2017,2
33,1768,11571906.94,2181.732077,2017,2
34,13384,40791767.47,1015.933638,2017,2
35,8038,27323039.66,1132.983896,2017,2
36,30133,72078116.81,797.3243,2017,2
37,23303,69422659.38,993.043233,2017,2
38,6960,28820767.99,1380.30498,2017,2
39,4627,13756821.32,990.911281,2017,2
40,49542,125245552.7,842.689386,2017,2
41,9491,30596978.57,1074.596233,2017,2
42,21599,68714427.69,1060.456929,2017,2
43,43600,137328937.15,1049.915421,2017,2
44,558,1626284.77,970.91628,2017,2
45,30151,86840367.07,960.060662,2017,2
46,22410,42478529.16,631.838898,2017,2
47,26353,79978377.84,1011.603418,2017,2
48,2339,5159288.34,735.25557,2017,2
49,24996,140855018.61,1878.342405,2017,2
50,2012,12026281.41,1992.42568,2017,2
51,4290,17601600.55,1367.539472,2017,2
52,17042,46558520.61,910.626674,2017,2
53,16332,33552425.01,684.785293,2017,2
54,1319,6966109.85,1760.452324,2017,2
55,123943,245195927.87,659.43019,2017,2
56,14323,38664691.67,899.827588,2017,2
57,4806,9768269.96,677.505199,2017,2
58,345323,780813700.05,753.702275,2017,2
59,24385,76747223.64,1049.075599,2017,2
60,153689,232487355.78,504.235495,2017,2
61,24579,75280271.62,1020.929406,2017,2
62,94758,170067721.79,598.248609,2017,2
63,1297,4109365.75,1055.84937,2017,2
64,2506,12839987.7,1707.445172,2017,2
65,19031,77085182.55,1350.168716,2017,2
66,19408,41876048.06,719.223139,2017,2
67,22595,91336671.07,1347.42677,2017,2
68,57906,235210062.05,1353.960753,2017,2
69,201392,738165174.84,1221.767715,2017,2
70,56294,86823669.98,514.108489,2017,2
71,4389,20620575.31,1566.079996,2017,2
72,9228,18094826.81,653.596778,2017,2
73,22794,56603061.17,827.735857,2017,2
74,26001,55506752.9,711.579423,2017,2
75,38910,122896545.45,1052.809387,2017,2
76,8041,14444832.94,598.749551,2017,2
77,30002,58060010.08,645.061051,2017,2
78,23702,31557831.92,443.801427,2017,2
79,15577,41142559.17,880.374877,2017,2
80,572,2277163.03,1327.018082,2017,2
81,5024,9976824.69,661.944313,2017,2
82,8372,15765487.3,627.656951,2017,2
83,2548,14963530.23,1957.040312,2017,2
84,25071,80172325.89,1065.937083,2017,2
85,1530,2851225.51,621.182028,2017,2
99,302827,745836416.88,820.969944,2017,2
0,134,519074.62,1291.230398,2018,2
1,73738,155173505.09,701.463311,2018,2
2,16417,41430893.4,841.202253,2018,2
3,629,1107828.63,587.084594,2018,2
4,9185,48255571.31,1751.118456,2018,2
5,523,1580098.09,1007.073352,2018,2
6,6957,36231880.92,1735.908438,2018,2
7,107,364197.6,1134.571962,2018,2
8,361,772568.55,712.044746,2018,2
9,167,387921.99,774.295389,2018,2
10,2253,6803226.66,1006.543373,2018,2
11,90,165974.7,612.452767,2018,2
12,785,2549569.96,1081.701298,2018,2
13,13484,29506615.83,729.422916,2018,2
14,4996,12430416.25,829.247248,2018,2
15,7092,15199606.95,714.367953,2018,2
16,3438,9295824.71,901.194833,2018,2
17,8406,18776776.15,744.548798,2018,2
18,2913,8506464.91,973.168391,2018,2
19,36151,71462602.21,658.920853,2018,2
20,4588,13600322.21,988.036484,2018,2
21,2066,5803990.49,936.127498,2018,2
22,5020,11706010.29,777.291519,2018,2
23,2207,10586935.85,1598.752016,2018,2
24,5023,17968826.98,1192.278347,2018,2
25,1774,6994777.9,1313.820041,2018,2
26,14128,35655800.5,841.216451,2018,2
27,77692,145712697.43,625.169782,2018,2
28,6860,15218572.23,739.447657,2018,2
29,12260,22839689.63,620.981229,2018,2
30,16005,28786773.25,599.524601,2018,2
31,9699,27733930.07,953.088768,2018,2
32,16924,49737384.86,979.58374,2018,2
33,1769,11579209.53,2181.05284,2018,2
34,13899,45609598.86,1093.807829,2018,2
35,8692,32503216.75,1246.480163,2018,2
36,31269,83394248.83,888.988666,2018,2
37,24343,77310912.1,1058.604046,2018,2
38,7384,32323040.44,1459.147726,2018,2
39,4438,14642397.48,1099.774484,2018,2
40,48159,127697583.7,883.860986,2018,2
41,10294,36184194.78,1171.692078,2018,2
42,23162,78989142.41,1136.747052,2018,2
43,44888,150701067.81,1119.089495,2018,2
44,611,1869700.68,1020.022193,2018,2
45,32741,107274856.59,1092.145062,2018,2
46,22183,46902181.81,704.755477,2018,2
47,27036,87745326.76,1081.833194,2018,2
48,2380,5907749.61,827.300043,2018,2
49,25140,148426664.04,1967.975285,2018,2
50,2046,12412723.76,2021.945554,2018,2
51,3411,14844534.09,1450.653189,2018,2
52,16776,48994554.92,973.504906,2018,2
53,15663,35365422.28,752.599908,2018,2
54,1304,6902461.01,1763.981857,2018,2
55,128712,272097580.96,704.665911,2018,2
56,15059,46150509.22,1021.548779,2018,2
57,4717,10638233.86,751.712398,2018,2
58,348745,848658292.85,811.154561,2018,2
59,24658,84184920.39,1138.018525,2018,2
60,158276,262775759.58,553.410188,2018,2
61,24417,82822686.93,1130.654274,2018,2
62,96703,186911856.94,644.277042,2018,2
63,1222,4202444.18,1145.70452,2018,2
64,2722,14766054.82,1808.014548,2018,2
65,19829,85603545.13,1439.029453,2018,2
66,19591,45198888.32,769.028623,2018,2
67,21746,94535286.67,1449.038728,2018,2
68,58940,249891399.27,1413.245028,2018,2
69,211847,833422698.37,1311.355326,2018,2
70,55041,92578943.49,560.666554,2018,2
71,4688,22865996.46,1625.621815,2018,2
72,11225,23189483.16,688.626077,2018,2
73,23353,64165482.24,915.851646,2018,2
74,26770,61094214.07,760.729847,2018,2
75,38853,128950896.42,1106.314368,2018,2
76,8046,15664858.47,648.917086,2018,2
77,30791,65062221.02,704.33478,2018,2
78,23695,34419976.3,484.2019,2018,2
79,16259,44219283.15,906.541538,2018,2
80,563,2096090.21,1241.024399,2018,2
81,4502,9681036.97,716.742205,2018,2
82,8244,16976591.16,686.394337,2018,2
83,2532,15398256.48,2026.619699,2018,2
84,24521,84201299.56,1144.583695,2018,2
85,1486,3056328.48,685.58288,2018,2
99,324509,891442772.43,915.682725,2018,2
0,407,789682.25,646.221153,2013,3
1,62747,112711719.86,598.7565,2013,3
2,16230,32109723.39,659.459107,2013,3
3,285,373244.04,436.542736,2013,3
4,12802,52298454.53,1361.72615,2013,3
5,728,1718397.84,786.4521,2013,3
6,5739,21552662.24,1251.679089,2013,3
7,125,311049.73,829.465946,2013,3
8,578,1071617.81,617.291365,2013,3
9,237,388178.25,545.194171,2013,3
10,2594,5823058.14,748.176556,2013,3
11,28,53336.32,627.486117,2013,3
12,900,2048582.56,758.734281,2013,3
13,13735,20249598.87,491.435477,2013,3
14,4172,6772995.17,541.146945,2013,3
15,8734,12062453.5,460.328709,2013,3
16,2930,5265402.58,598.885643,2013,3
17,8436,13030169.65,514.843322,2013,3
18,2379,5616226.18,786.696481,2013,3
19,33687,46490537.44,460.024514,2013,3
20,6415,14702692.89,763.934993,2013,3
21,1597,3108465.22,648.542712,2013,3
22,5814,9642983.83,552.828288,2013,3
23,2502,8872784.61,1182.092274,2013,3
24,4529,10730191.76,789.681465,2013,3
25,3253,12314393.97,1261.849981,2013,3
26,12257,20804312.33,565.780433,2013,3
27,90938,121052554.09,443.716636,2013,3
28,8817,14511362.11,548.571508,2013,3
29,15800,19811187.99,417.939917,2013,3
30,18153,23487983.38,431.296633,2013,3
31,8473,15149643.81,595.949955,2013,3
32,17296,37827023.33,728.998888,2013,3
33,1722,10239525.31,1981.715755,2013,3
34,12864,31374797.63,812.944955,2013,3
35,8883,23563776.92,884.161079,2013,3
36,25406,40546903.78,531.971972,2013,3
37,22218,50213152.62,753.340423,2013,3
38,4323,17046770.17,1314.424409,2013,3
39,3783,6536891.99,575.886881,2013,3
40,48379,88348583.24,608.717045,2013,3
41,8246,20283548.01,819.868553,2013,3
42,20535,49374897.58,801.47549,2013,3
43,33420,75528893.9,753.33028,2013,3
44,630,1577219.87,833.625724,2013,3
45,16674,33668476.26,673.073372,2013,3
46,20606,25900068.61,418.959375,2013,3
47,23267,51878893.19,743.229322,2013,3
48,2069,3372746.8,543.202899,2013,3
49,24606,111981639.44,1516.955289,2013,3
50,1945,8843741.18,1515.377172,2013,3
51,5357,15460822.74,961.912694,2013,3
52,17548,40880497.79,776.516692,2013,3
53,21312,34395134.82,537.945115,2013,3
54,1301,6311776.54,1616.33202,2013,3
55,124232,209543389.12,562.236753,2013,3
56,16058,34650390.4,719.275758,2013,3
57,5687,9173357.44,537.648425,2013,3
58,339179,607199284.81,596.733767,2013,3
59,22227,51125050.61,766.710916,2013,3
60,159797,205188986.63,428.01832,2013,3
61,23449,57334092.91,815.018307,2013,3
62,79867,124091419.77,517.908605,2013,3
63,1431,3997226.01,930.886355,2013,3
64,2919,12303871.94,1404.711946,2013,3
65,18983,65274837.04,1146.198125,2013,3
66,19085,32688973.66,570.936576,2013,3
67,21514,73444784.26,1137.920212,2013,3
68,56928,192642625.83,1127.976683,2013,3
69,152988,416518096.45,907.518011,2013,3
70,58232,65935399.67,377.4272,2013,3
71,3555,11035248.52,1034.619212,2013,3
72,8375,13728510.75,546.386641,2013,3
73,17682,37153601.87,700.390255,2013,3
74,24818,43534951.11,584.70709,2013,3
75,37057,92880915.1,835.477913,2013,3
76,5824,8212790.07,470.054376,2013,3
77,26042,38168754.68,488.553806,2013,3
78,24195,23203738.09,319.672362,2013,3
79,14353,32018484.23,743.595629,2013,3
80,754,2200570.68,971.983515,2013,3
81,6815,10860288.74,531.143382,2013,3
82,7887,12014652.63,507.7615,2013,3
83,2272,11093601.39,1627.34361,2013,3
84,24793,62725425.06,843.310366,2013,3
85,1146,1516458,441.08726,2013,3
99,341803,622097251.53,606.681475,2013,3
0,425,909332.34,712.642899,2014,3
1,63605,121436421.85,636.405866,2014,3
2,15896,31857002.9,668.001738,2014,3
3,318,410721.3,430.525471,2014,3
4,12496,54713158.28,1459.445658,2014,3
5,715,1731135.44,806.680074,2014,3
6,5807,23583104.47,1353.56164,2014,3
7,121,317909.84,870.985863,2014,3
8,543,934275.48,573.526998,2014,3
9,203,378836.97,620.027774,2014,3
10,2610,6021176.53,768.889864,2014,3
11,47,115724.38,820.740283,2014,3
12,906,2168486.44,797.530871,2014,3
13,14127,21397531.9,504.861191,2014,3
14,4071,6929802.08,567.365488,2014,3
15,8524,12668102.28,495.350836,2014,3
16,3031,5842820.5,642.491807,2014,3
17,8162,13853921.19,565.789479,2014,3
18,2353,5919289.05,838.426211,2014,3
19,35611,50776994.99,475.28427,2014,3
20,6072,14323586.22,786.232639,2014,3
21,1659,3467514.02,696.4278,2014,3
22,5523,9530445.34,575.162663,2014,3
23,2523,9324613.79,1231.785177,2014,3
24,4534,11471907.44,843.336575,2014,3
25,3222,12628511.33,1306.217555,2014,3
26,12730,22757178.05,595.878035,2014,3
27,89560,122724968.86,456.770019,2014,3
28,8810,15241714.88,576.682363,2014,3
29,16065,21850987.94,453.377623,2014,3
30,16918,21777137,429.063875,2014,3
31,8494,16564124.35,650.006841,2014,3
32,17397,39944782.44,765.343011,2014,3
33,1643,10392013.64,2107.913517,2014,3
34,13445,33248431.18,824.28677,2014,3
35,8911,25166801.91,941.34288,2014,3
36,26878,45958700.89,569.966774,2014,3
37,22622,53152266.28,783.182788,2014,3
38,4491,18119545.12,1344.878283,2014,3
39,3668,7184960.99,652.940838,2014,3
40,49711,96895279.88,649.723936,2014,3
41,8948,22632694.07,843.056472,2014,3
42,22854,55593506.21,810.826471,2014,3
43,34885,83466964.07,797.543968,2014,3
44,571,1540121.42,898.029982,2014,3
45,18107,39538554.72,727.841885,2014,3
46,21328,28747631.03,449.294058,2014,3
47,23521,56498827.8,800.686305,2014,3
48,2089,3574606.12,570.38553,2014,3
49,25519,123465553.05,1612.685027,2014,3
50,1918,9677775.34,1681.336924,2014,3
51,5048,15295565.64,1009.941607,2014,3
52,17407,42015453.58,804.570069,2014,3
53,17727,29293593.33,550.828177,2014,3
54,1304,6308161.5,1611.691747,2014,3
55,125660,226084853.83,599.726388,2014,3
56,16979,38388254.36,753.627043,2014,3
57,5012,8277369.41,550.466809,2014,3
58,341649,635290673.7,619.827224,2014,3
59,23313,56104434.48,802.190973,2014,3
60,162013,215694218.11,443.778738,2014,3
61,24114,62567669.3,864.863282,2014,3
62,84307,131131582.36,518.466493,2014,3
63,1156,3418671.93,985.776219,2014,3
64,2327,10547006.06,1510.59955,2014,3
65,19485,70578808.46,1207.40413,2014,3
66,18798,35144919.75,623.192122,2014,3
67,22223,79604901.41,1194.01382,2014,3
68,57314,201064808.89,1169.375771,2014,3
69,163386,484462455.66,988.380186,2014,3
70,57825,69060481.96,398.095897,2014,3
71,3832,13372078.22,1163.092825,2014,3
72,9005,15847564.14,586.620919,2014,3
73,18999,40381072.05,708.452289,2014,3
74,24855,45602910.53,611.569602,2014,3
75,37571,99843192.04,885.802173,2014,3
76,6515,9431661.87,482.536676,2014,3
77,26271,39682151.24,503.491146,2014,3
78,23759,24243775.99,340.134629,2014,3
79,14659,35068054.33,797.418066,2014,3
80,985,2739135.73,926.635903,2014,3
81,6390,10618903.38,553.875619,2014,3
82,7888,12602115.75,532.543769,2014,3
83,2309,11923328.04,1720.786266,2014,3
84,25371,66590049.33,874.87255,2014,3
85,1178,1679142.28,475.004888,2014,3
99,311905,618023588.97,660.48272,2014,3
0,385,946833.63,819.060233,2015,3
1,68782,132249257.93,640.907102,2015,3
2,16592,34276849.66,688.608185,2015,3
3,402,617783.92,511.834233,2015,3
4,11280,48657783.62,1437.877766,2015,3
5,630,1666411.44,881.232913,2015,3
6,6746,30546789.12,1509.228711,2015,3
7,145,339492.41,776.870503,2015,3
8,486,952855.1,652.640479,2015,3
9,186,366079.08,656.055698,2015,3
10,2640,6678589.73,843.256279,2015,3
11,36,95882.27,887.798796,2015,3
12,982,2831187.03,960.701401,2015,3
13,13751,22989813.38,557.27477,2015,3
14,4195,7505959.19,596.373684,2015,3
15,8962,14316731.06,532.477816,2015,3
16,3518,7162016.64,678.606844,2015,3
17,8298,14993386.91,602.240798,2015,3
18,2317,6002406.77,863.531401,2015,3
19,35741,53912424.8,502.806532,2015,3
20,5870,15152510.53,860.449206,2015,3
21,1752,3814861.79,725.810842,2015,3
22,5676,10525813.52,618.07478,2015,3
23,2420,10020804.13,1379.895914,2015,3
24,4566,12707797.62,927.711901,2015,3
25,2894,11348148.79,1306.788207,2015,3
26,12901,25022791.6,646.533643,2015,3
27,87130,129852896.59,496.776463,2015,3
28,7808,14379682.87,613.886734,2015,3
29,15711,23164006.64,491.439623,2015,3
30,17498,25519398.77,486.130084,2015,3
31,9182,19162107.75,695.640301,2015,3
32,17443,44380530.63,848.073429,2015,3
33,1833,11684961.89,2124.152315,2015,3
34,12691,33387607.49,876.913575,2015,3
35,8362,24298013.66,968.588601,2015,3
36,27890,54071447.66,646.246535,2015,3
37,23165,57944435.29,833.780869,2015,3
38,4632,19372244.04,1393.88718,2015,3
39,4226,9815948.53,774.128432,2015,3
40,50610,107105744.8,705.422735,2015,3
41,9220,25126116.35,908.391769,2015,3
42,20121,54484055.84,902.576921,2015,3
43,37781,96651533.93,852.727395,2015,3
44,601,1634190,906.372712,2015,3
45,24174,57651319.87,794.938431,2015,3
46,21259,32922104.4,516.206538,2015,3
47,24330,63698421.51,872.676752,2015,3
48,2295,4338701.64,630.167267,2015,3
49,24967,125353243.55,1673.56337,2015,3
50,1968,10961761.7,1856.352531,2015,3
51,4566,15178042.74,1107.967204,2015,3
52,17187,43819051.93,849.832278,2015,3
53,17081,29688821.62,579.361908,2015,3
54,1294,6457746,1663.081637,2015,3
55,125518,232094825.48,616.365316,2015,3
56,17202,43653514.01,845.867191,2015,3
57,4916,8475988.85,574.682273,2015,3
58,347695,693633676.05,664.982888,2015,3
59,24276,68285034.61,937.620621,2015,3
60,163323,226178757.65,461.618505,2015,3
61,23607,64035598.43,904.163879,2015,3
62,88255,141794702.9,535.547248,2015,3
63,1341,3809237.26,946.629537,2015,3
64,2286,11396314.53,1661.512542,2015,3
65,19043,72124199.05,1262.457536,2015,3
66,18856,35762550.43,632.193435,2015,3
67,22195,82385806.4,1237.302791,2015,3
68,57520,209990147.06,1216.910912,2015,3
69,179913,574303366.32,1064.035095,2015,3
70,58946,75609506.26,427.558845,2015,3
71,3841,15810394.69,1371.953721,2015,3
72,7797,14499894.91,619.892048,2015,3
73,18266,39746744.46,725.305555,2015,3
74,25909,49670880.4,639.026365,2015,3
75,37607,104453705.75,925.835666,2015,3
76,7745,12203039.78,525.178162,2015,3
77,28807,47244553.16,546.679084,2015,3
78,23934,26369458.27,367.25242,2015,3
79,14718,36766156.95,832.680095,2015,3
80,627,1978509.42,1051.839138,2015,3
81,5955,10389515.73,581.524444,2015,3
82,8129,13466358.33,552.148851,2015,3
83,2546,13890628.91,1818.621224,2015,3
84,25650,69696799.91,905.717848,2015,3
85,1227,1819136.44,494.196261,2015,3
99,306102,644772838.08,702.132881,2015,3
0,221,630338.28,949.304638,2016,3
1,73793,141980162.84,641.341416,2016,3
2,16911,36756988.56,724.504051,2016,3
3,351,621997.45,590.130407,2016,3
4,10475,46241622.03,1471.491552,2016,3
5,545,1445981.67,883.851876,2016,3
6,6743,30590255.51,1512.123356,2016,3
7,90,268041.72,989.083837,2016,3
8,446,809656.54,604.221298,2016,3
9,218,484292.7,739.378167,2016,3
10,2422,6316028.96,869.258045,2016,3
11,98,144180.37,488.747016,2016,3
12,1141,2593966.29,757.583612,2016,3
13,14077,27036993.54,640.201589,2016,3
14,4622,9745498.15,702.732776,2016,3
15,8689,15749270.06,604.137867,2016,3
16,3354,7848974.29,780.06105,2016,3
17,8384,16098007.36,640.003473,2016,3
18,2110,6227909.35,983.871935,2016,3
19,36096,58503741.14,540.260611,2016,3
20,5724,15583246.63,907.374323,2016,3
21,1832,4266901.34,776.364872,2016,3
22,5676,11652281.29,684.220862,2016,3
23,2257,9879884.98,1458.716223,2016,3
24,4856,14945468.06,1025.84035,2016,3
25,2206,8899282.61,1344.302509,2016,3
26,13942,29635416.54,708.506659,2016,3
27,84743,136733041.52,537.834163,2016,3
28,7304,14838178.48,677.171343,2016,3
29,13663,20650948.45,503.792258,2016,3
30,17096,26714047.64,520.843198,2016,3
31,9220,20951395.68,757.434499,2016,3
32,17176,44356904.04,860.814377,2016,3
33,1776,11606975.45,2178.486383,2016,3
34,12854,36299460.96,941.302828,2016,3
35,8047,24634369.57,1020.436998,2016,3
36,28849,61253971.69,707.753841,2016,3
37,23311,63909984.32,913.848349,2016,3
38,5014,20727395.13,1377.784839,2016,3
39,4545,11553011.07,847.181276,2016,3
40,50843,119807722.81,785.475042,2016,3
41,8815,26542782.2,1003.659615,2016,3
42,21221,63250670.52,993.492036,2016,3
43,41044,116214930.97,943.823952,2016,3
44,591,1604702.94,904.057994,2016,3
45,28290,73498593.55,865.99342,2016,3
46,21587,36266466.4,559.996084,2016,3
47,26451,74335738.46,936.749271,2016,3
48,2374,5006426.73,702.755015,2016,3
49,24941,125627561.83,1678.97415,2016,3
50,2026,11469863.65,1886.490731,2016,3
51,4401,15196267.61,1150.883642,2016,3
52,17276,45233801.5,872.767644,2016,3
53,16453,31139938.6,630.88674,2016,3
54,1279,6468643.51,1684.981377,2016,3
55,119385,227485696.16,635.156359,2016,3
56,15176,39681275.4,871.5413,2016,3
57,5078,9363873.47,614.669388,2016,3
58,349270,750177737.24,715.948251,2016,3
59,24241,72573094.09,997.92495,2016,3
60,170799,247684365.61,483.383715,2016,3
61,24333,68694449.34,941.006963,2016,3
62,92341,157872484.11,569.885332,2016,3
63,1416,4155284.3,977.944057,2016,3
64,2472,12657355,1706.302911,2016,3
65,19408,76499901.92,1313.866928,2016,3
66,19363,38780394.89,667.59158,2016,3
67,22793,88491127.12,1294.089397,2016,3
68,57356,215330951.13,1251.429383,2016,3
69,193467,668232038.3,1151.324232,2016,3
70,57095,80832973.25,471.918155,2016,3
71,4027,18026009.86,1492.095841,2016,3
72,8107,15398297.04,633.127627,2016,3
73,19447,44624707.55,764.894457,2016,3
74,26122,53191434.64,678.756535,2016,3
75,38540,114702961.15,992.059929,2016,3
76,7712,12650723.99,546.774603,2016,3
77,30382,53715108.98,589.330403,2016,3
78,24391,29737424.75,406.393319,2016,3
79,14474,37618276.61,866.341407,2016,3
80,528,2211904.17,1394.643234,2016,3
81,5417,10169370.18,625.768886,2016,3
82,8162,14405243.32,588.305289,2016,3
83,2543,14450766.54,1893.940568,2016,3
84,25168,73660016.27,975.551827,2016,3
85,1512,2603444.92,573.951701,2016,3
99,300355,670087304.18,743.659799,2016,3
0,169,556700.14,1095.866417,2017,3
1,74283,151271708.7,678.805064,2017,3
2,16558,39421869.89,793.611746,2017,3
3,631,988843.2,522.368304,2017,3
4,9471,47857037.02,1684.335938,2017,3
5,518,1431007.09,920.261794,2017,3
6,6766,33229754.72,1637.014371,2017,3
7,115,337138.51,977.213072,2017,3
8,407,820436.06,671.937805,2017,3
9,129,327519.48,844.122371,2017,3
10,2327,6369093.01,912.085494,2017,3
11,195,329920.86,563.00488,2017,3
12,887,2727756.97,1024.702092,2017,3
13,13858,28753511.43,691.605807,2017,3
14,5063,11654888.29,767.324266,2017,3
15,8591,17084941.69,662.849338,2017,3
16,3427,8642200.06,840.435676,2017,3
17,8336,17137287.42,685.244808,2017,3
18,2122,6680366.78,1049.382152,2017,3
19,37133,66560202.36,597.493715,2017,3
20,4755,13700337.75,960.348924,2017,3
21,2088,5298170.99,845.677731,2017,3
22,5383,11845076.71,733.441282,2017,3
23,2200,9999213.76,1514.573426,2017,3
24,4792,15984063.14,1111.85748,2017,3
25,2160,8905242.77,1374.265859,2017,3
26,14136,31898282.25,752.176057,2017,3
27,80856,140389521.01,578.763567,2017,3
28,7118,15557475.87,728.482668,2017,3
29,12930,21763616.23,561.048084,2017,3
30,16515,27444021.79,553.898758,2017,3
31,9977,25576710.97,854.522433,2017,3
32,17047,47532268.58,929.417476,2017,3
33,1756,11589486.87,2199.560992,2017,3
34,13198,40660812.31,1026.891916,2017,3
35,8038,26610109.95,1103.421377,2017,3
36,30521,72200384.09,788.532312,2017,3
37,23399,68445554.3,975.049564,2017,3
38,6976,27864568.22,1331.385552,2017,3
39,4504,13167734.15,974.521473,2017,3
40,49792,128505386.17,860.275585,2017,3
41,9675,31320750.27,1079.058439,2017,3
42,21760,70748546.12,1083.737417,2017,3
43,44094,141059021.82,1066.334717,2017,3
44,555,1666558.15,999.734943,2017,3
45,30904,90946944.26,980.940788,2017,3
46,22263,43167381.9,646.324722,2017,3
47,26742,81856967.22,1020.304223,2017,3
48,2308,5096990.24,736.027471,2017,3
49,24898,133122746.97,1782.241504,2017,3
50,2022,11620352.38,1915.337461,2017,3
51,4244,15965052.52,1253.832758,2017,3
52,16970,47372298.66,930.492401,2017,3
53,16471,34106335.44,690.202073,2017,3
54,1312,6415213.6,1629.881504,2017,3
55,126794,252962797.98,665.02305,2017,3
56,14436,39764232.85,918.15172,2017,3
57,4845,10199649.51,701.633728,2017,3
58,352576,795058272.75,751.664671,2017,3
59,24743,77880686.86,1049.194881,2017,3
60,177341,272954356.13,513.048952,2017,3
61,24909,76522820.52,1024.031749,2017,3
62,95451,169719765.11,592.694209,2017,3
63,1333,4163659.72,1040.654766,2017,3
64,2580,13659208.51,1764.527646,2017,3
65,19799,80836557.91,1360.930635,2017,3
66,19589,41968540.38,714.127182,2017,3
67,22289,90094353.15,1347.366461,2017,3
68,58397,227939592.16,1301.091906,2017,3
69,205976,757162309.68,1225.322504,2017,3
70,56159,84685563.73,502.647592,2017,3
71,4470,21334187.92,1590.797697,2017,3
72,9293,18253684.9,654.699791,2017,3
73,21687,53574879.97,823.443484,2017,3
74,26493,56733319.52,713.797253,2017,3
75,38955,121197281.48,1037.053072,2017,3
76,7943,14223352.75,596.867509,2017,3
77,32016,60513956.69,630.038696,2017,3
78,24475,32753547.96,446.081688,2017,3
79,15162,40113387.55,881.864874,2017,3
80,550,2000995.76,1211.990163,2017,3
81,4957,10095125.35,678.846436,2017,3
82,8388,15781171.65,627.132874,2017,3
83,2536,14873699.9,1954.494073,2017,3
84,24912,77945436.31,1042.915736,2017,3
85,1510,2820484.84,622.48617,2017,3
99,296527,724392373.4,814.305549,2017,3
0,101,411531.83,1353.723125,2018,3
1,73717,160339732.65,725.017217,2018,3
2,16590,43506001.42,874.105951,2018,3
3,613,1102074.23,598.628044,2018,3
4,8915,47203326.13,1764.808245,2018,3
5,528,1600418.79,1009.091292,2018,3
6,7010,36243864.67,1723.354318,2018,3
7,107,389557.11,1213.573551,2018,3
8,367,798190.31,723.653952,2018,3
9,214,475995.22,739.123012,2018,3
10,2210,6745124.41,1017.057359,2018,3
11,31,72507.4,779.649462,2018,3
12,953,2946846.44,1030.726281,2018,3
13,13552,30235749.98,743.697116,2018,3
14,4877,12605359.36,861.433701,2018,3
15,8662,17610323.68,677.632895,2018,3
16,3418,9580763.25,934.161783,2018,3
17,8277,18566622.98,747.719503,2018,3
18,2898,8398746.88,966.039438,2018,3
19,35543,71184616.24,667.578998,2018,3
20,4543,13703575.39,1005.471816,2018,3
21,2082,5965215.14,955.045651,2018,3
22,5233,12416176.18,790.889622,2018,3
23,2194,10524913.62,1598.802008,2018,3
24,5013,18109536.47,1204.09152,2018,3
25,1736,6713885.43,1288.653633,2018,3
26,13810,34416573.8,830.716239,2018,3
27,75140,143332229.25,635.842398,2018,3
28,6738,15677751.95,775.588797,2018,3
29,11915,22375238.43,625.950831,2018,3
30,15726,28550483.08,605.139531,2018,3
31,9629,27779662.71,961.60001,2018,3
32,16648,49657659,994.226945,2018,3
33,1775,11598217.64,2177.66009,2018,3
34,13412,44685086.26,1110.519565,2018,3
35,10376,39133048.74,1257.165533,2018,3
36,31153,83816244.71,896.823684,2018,3
37,24307,76685858.54,1051.629277,2018,3
38,7520,33008786.2,1463.090563,2018,3
39,4363,13728849.9,1048.724306,2018,3
40,47832,128850485.65,897.937821,2018,3
41,10440,36326280.2,1159.842918,2018,3
42,23428,80465485.33,1144.845775,2018,3
43,44145,149898566.84,1131.856646,2018,3
44,607,1847217.06,1013.284179,2018,3
45,32486,105600135.23,1083.522832,2018,3
46,21659,46547700.34,716.349902,2018,3
47,27015,88473250.55,1091.655876,2018,3
48,2359,5978095.95,844.721767,2018,3
49,25253,139892937.33,1846.50331,2018,3
50,2085,12300629.5,1966.527498,2018,3
51,1836,6490391.13,1178.35714,2018,3
52,16733,48901882,974.141075,2018,3
53,15518,35054204.9,752.947093,2018,3
54,1294,6616977.03,1704.527828,2018,3
55,129469,275031082.14,708.100219,2018,3
56,15298,47255734.27,1029.671291,2018,3
57,4817,10871251.87,752.231654,2018,3
58,354844,860311874.38,808.158952,2018,3
59,24855,84677918.52,1135.625541,2018,3
60,179898,306124960.22,567.217396,2018,3
61,24307,81745917.03,1121.020241,2018,3
62,96394,185466650.89,641.344787,2018,3
63,1258,4270872.29,1131.356898,2018,3
64,2801,15556797.69,1851.11824,2018,3
65,20579,90027013.08,1458.187095,2018,3
66,19385,45082068.8,775.192048,2018,3
67,21440,94308744.38,1466.22012,2018,3
68,58781,243504996.39,1380.860007,2018,3
69,216054,854848101.98,1318.876244,2018,3
70,54934,91175889.36,553.241684,2018,3
71,4745,23270729.65,1634.754453,2018,3
72,11346,23398651.91,687.386953,2018,3
73,22434,60871907.74,904.45912,2018,3
74,27045,61747271.96,761.043593,2018,3
75,38649,127817882.72,1102.372466,2018,3
76,7984,14992804.99,625.952112,2018,3
77,32440,67146239.25,689.953136,2018,3
78,24406,35226982.83,481.124625,2018,3
79,15895,43622660.04,914.789666,2018,3
80,580,2104423.65,1208.050315,2018,3
81,4427,9677135.09,728.535352,2018,3
82,8256,17126199.79,691.464784,2018,3
83,2515,15192806.69,2013.358957,2018,3
84,24425,83227283.87,1135.821001,2018,3
85,1511,3118167.66,687.729964,2018,3
99,320522,860234541.73,894.617371,2018,3
0,396,774391.01,651.296055,2013,4
1,58397,103691770.96,591.871655,2013,4
2,15455,30413512.63,655.944283,2013,4
3,283,383624.36,451.322776,2013,4
4,11859,54620936.44,1535.201563,2013,4
5,735,1951477.84,884.622774,2013,4
6,5736,22946471.1,1333.399447,2013,4
7,127,314088.5,822.221204,2013,4
8,517,964030.52,620.753715,2013,4
9,213,362113.08,566.687136,2013,4
10,2521,5741421.41,759.045664,2013,4
11,28,56869.02,669.047294,2013,4
12,891,2228195.86,833.281922,2013,4
13,13641,20385516.91,498.143266,2013,4
14,4258,7277814.29,569.736518,2013,4
15,7238,10456887.91,481.551365,2013,4
16,3228,5756606.68,594.383756,2013,4
17,7893,12450535.49,525.760546,2013,4
18,2375,5682510.9,797.321579,2013,4
19,34686,48075396.37,461.996889,2013,4
20,6389,15030230.94,784.090507,2013,4
21,1583,3209723.38,675.589008,2013,4
22,5702,9622075.67,562.497116,2013,4
23,2376,8918142.52,1250.966828,2013,4
24,4424,10568151.33,796.214219,2013,4
25,3175,12309435.73,1292.193547,2013,4
26,12509,21113251.24,562.599958,2013,4
27,91444,122073002.27,444.982729,2013,4
28,8808,14644238.01,554.181192,2013,4
29,15846,19999956.47,420.715143,2013,4
30,17794,23269597.94,435.890865,2013,4
31,8430,15834236.13,626.081852,2013,4
32,17195,38589606.18,748.078049,2013,4
33,1743,10328692.75,1975.271132,2013,4
34,12908,32277192.4,833.519068,2013,4
35,8930,24794421.57,925.510323,2013,4
36,25588,40877285.55,532.505934,2013,4
37,22159,52054869.81,783.039047,2013,4
38,4364,17340107.22,1324.48115,2013,4
39,3685,6876522.25,621.971983,2013,4
40,48376,89909583.16,619.514936,2013,4
41,8307,21179332.45,849.858851,2013,4
42,20842,51197907.51,818.825888,2013,4
43,33766,78731026.98,777.221929,2013,4
44,623,1553513.08,830.31164,2013,4
45,16747,34371854.39,684.139535,2013,4
46,20939,26475158.98,421.458164,2013,4
47,23183,51880992.04,745.963163,2013,4
48,2057,3377761.92,547.27186,2013,4
49,24609,118203891.3,1601.071291,2013,4
50,1887,9102034.2,1607.281334,2013,4
51,5324,16929672.45,1059.893097,2013,4
52,17536,44270529.16,841.485062,2013,4
53,20285,33324453.56,547.604199,2013,4
54,1307,6323402.6,1612.701504,2013,4
55,124129,214612066.16,576.311508,2013,4
56,15776,34862449.54,736.582496,2013,4
57,5307,9034195.18,567.438928,2013,4
58,331664,609367152.84,612.432992,2013,4
59,22157,51834955.71,779.789624,2013,4
60,112318,146410498.76,434.510539,2013,4
61,23428,57458543.25,817.496275,2013,4
62,79567,125473503.72,525.646949,2013,4
63,1299,3794098.61,973.344948,2013,4
64,2659,11704312.09,1467.257376,2013,4
65,18018,65818213.73,1217.59312,2013,4
66,18947,34775290.35,611.777885,2013,4
67,21640,75213778.06,1158.543122,2013,4
68,56742,205400389.48,1206.633472,2013,4
69,152016,429700808.93,942.223021,2013,4
70,58002,66852517.32,384.192205,2013,4
71,3641,11702460.56,1071.359567,2013,4
72,7837,13925408.76,592.26815,2013,4
73,19072,44182303.41,772.188395,2013,4
74,24508,43943941.15,597.681589,2013,4
75,36630,95719759.7,871.034831,2013,4
76,5926,9067857.92,510.060632,2013,4
77,23443,37209838.21,529.074907,2013,4
78,22827,22207315.51,324.279599,2013,4
79,14247,33405877.34,781.588576,2013,4
80,865,2532495.67,975.913552,2013,4
81,6623,10740551.94,540.513911,2013,4
82,7805,12253401.97,523.29185,2013,4
83,2269,11276834,1656.652563,2013,4
84,24910,66070756.16,884.102608,2013,4
85,1152,1564854.51,452.662571,2013,4
99,342856,704609071.66,685.037548,2013,4
0,416,905969.97,724.775976,2014,4
1,59446,112827875.34,632.659571,2014,4
2,15310,30215407.82,657.843456,2014,4
3,309,457360.55,492.314908,2014,4
4,12518,61499194.12,1637.57673,2014,4
5,695,1741231.33,834.722593,2014,4
6,5815,23959355.06,1373.265034,2014,4
7,124,334625.31,899.530403,2014,4
8,508,854951.1,560.991535,2014,4
9,189,393249.38,693.561516,2014,4
10,2603,6177721.96,791.001531,2014,4
11,43,102383.21,781.551221,2014,4
12,824,2123212.4,858.557379,2014,4
13,14013,21531825.42,512.174724,2014,4
14,4125,7562032.99,611.073372,2014,4
15,7157,11662934.59,543.194755,2014,4
16,3185,6250728.66,654.184056,2014,4
17,7783,13644534.09,584.373381,2014,4
18,2333,5881578.23,840.225461,2014,4
19,36274,52213301.49,479.800239,2014,4
20,6029,14539703.79,803.831478,2014,4
21,1655,3553574.31,715.580811,2014,4
22,5488,9715547.41,590.072724,2014,4
23,2387,9345176.58,1304.827782,2014,4
24,4394,11656162.87,884.114295,2014,4
25,3288,12857185.14,1303.313242,2014,4
26,12897,23326036.89,602.880176,2014,4
27,90072,124438052.48,460.511561,2014,4
28,8798,14984818.33,567.714276,2014,4
29,16151,22429971.23,462.922238,2014,4
30,16917,21607069.88,425.738293,2014,4
31,8854,17778611.79,669.274649,2014,4
32,17402,40721402.1,780.013831,2014,4
33,1639,10576978.88,2151.104104,2014,4
34,12951,33537440.51,863.187926,2014,4
35,8933,26337472.3,982.741503,2014,4
36,27036,47244610.12,582.475775,2014,4
37,22370,55557130.21,827.839403,2014,4
38,4484,18318373.03,1361.657104,2014,4
39,3658,7492200.17,682.722814,2014,4
40,49771,98782364.78,661.57913,2014,4
41,8924,23417544.76,874.702852,2014,4
42,23731,59948589.11,842.045525,2014,4
43,35310,87750772.71,828.384524,2014,4
44,581,1672347.07,958.365083,2014,4
45,18838,42157996.22,745.961182,2014,4
46,21562,29662932.71,458.560958,2014,4
47,23368,56508670.18,806.046132,2014,4
48,2095,3641482.66,579.392626,2014,4
49,25375,130540847.24,1714.777243,2014,4
50,1855,10069442.41,1809.423613,2014,4
51,5043,16770537.49,1108.429444,2014,4
52,17318,44395990.18,854.492073,2014,4
53,17537,29240249.21,555.771481,2014,4
54,1304,6690933.33,1709.487309,2014,4
55,124678,224932592.2,601.366157,2014,4
56,16741,38775569.14,772.037215,2014,4
57,4863,8409003.97,576.393445,2014,4
58,334522,641617339.66,639.336188,2014,4
59,23391,57638303.4,821.350956,2014,4
60,116496,157152625.3,449.66401,2014,4
61,24010,62761172.71,871.295711,2014,4
62,83484,131188901.56,523.80856,2014,4
63,1055,3334692.26,1052.949876,2014,4
64,2192,10285218.14,1563.578312,2014,4
65,18428,71227611.69,1288.371379,2014,4
66,18717,35318922.12,628.998987,2014,4
67,22392,82324468.92,1225.467696,2014,4
68,56807,213812122.86,1254.611361,2014,4
69,163146,503286260.9,1028.290006,2014,4
70,57180,69464189.02,404.944555,2014,4
71,3924,14055668.13,1193.991516,2014,4
72,8599,16431765.71,636.939518,2014,4
73,19723,45714015.64,772.574667,2014,4
74,24523,45701228.68,621.185367,2014,4
75,37285,103030458.2,921.10731,2014,4
76,6504,10174960.41,521.471935,2014,4
77,23592,39120980.91,552.727979,2014,4
78,22559,23423977.76,346.109189,2014,4
79,14320,35636244.64,829.482906,2014,4
80,1049,2990397.82,949.935775,2014,4
81,6268,10509731,558.909327,2014,4
82,7909,13078408.94,551.180417,2014,4
83,2320,12313683.64,1769.207419,2014,4
84,25551,70006895.47,913.284309,2014,4
85,1174,1676706.96,476.066712,2014,4
99,312999,710150682.17,756.286422,2014,4
0,370,938584.41,844.050728,2015,4
1,63638,124195422.23,650.523907,2015,4
2,16032,34647788.76,720.358201,2015,4
3,391,653760.34,557.340443,2015,4
4,11309,54626039.77,1610.057762,2015,4
5,635,1711956.06,898.664598,2015,4
6,6714,31097261.84,1543.748105,2015,4
7,124,329919.8,886.881182,2015,4
8,477,977516.72,682.623407,2015,4
9,212,444041.34,695.989561,2015,4
10,2622,6741120.54,856.776886,2015,4
11,36,81085.1,743.9,2015,4
12,944,2732477.3,964.176887,2015,4
13,13842,23692218.82,570.539392,2015,4
14,4310,8110702.18,627.229307,2015,4
15,7738,13407611.89,577.516018,2015,4
16,3578,7746244.53,721.654977,2015,4
17,8000,14713799.59,613.049439,2015,4
18,2235,6053391.95,902.817591,2015,4
19,36546,55785044.13,508.811216,2015,4
20,5892,15319175.96,866.616278,2015,4
21,1742,3930686.44,752.140535,2015,4
22,5621,10746049.08,637.256068,2015,4
23,2333,9935941.91,1419.420272,2015,4
24,4805,14108009.03,978.567595,2015,4
25,2883,11386535.79,1316.514717,2015,4
26,13074,25979221.69,662.329739,2015,4
27,87725,133632870.94,507.769974,2015,4
28,7737,14297197.11,615.913372,2015,4
29,15499,23749848.44,510.771397,2015,4
30,17120,25427579.4,495.085268,2015,4
31,9264,20649972.4,743.01858,2015,4
32,17602,45281871.6,857.497521,2015,4
33,1815,11984378.9,2200.179713,2015,4
34,12652,36750181.36,968.231145,2015,4
35,8468,25797832.48,1015.462801,2015,4
36,28156,56086684.86,663.991344,2015,4
37,22781,60706281.56,888.245955,2015,4
38,4606,19748738.69,1429.100418,2015,4
39,4274,10359422.11,807.815198,2015,4
40,50656,111511767.02,733.77487,2015,4
41,9294,26458627.77,948.882074,2015,4
42,20469,58655893.12,955.198806,2015,4
43,38118,102038356.41,892.286862,2015,4
44,603,1632569.47,901.47403,2015,4
45,25160,61861846.88,819.568459,2015,4
46,21444,33703587.6,523.90082,2015,4
47,24222,64913869.48,893.293739,2015,4
48,2283,4427346.72,646.327988,2015,4
49,25012,134282053.27,1789.544534,2015,4
50,1933,11364920.76,1959.469096,2015,4
51,4563,16039678.35,1171.634649,2015,4
52,17147,45869783.07,891.662287,2015,4
53,16959,30528238.24,600.028268,2015,4
54,1272,6899408.27,1807.073931,2015,4
55,121427,227508573.75,624.537993,2015,4
56,16874,45417671.08,897.192348,2015,4
57,4850,8777506.64,603.223602,2015,4
58,339570,701101816.73,688.224449,2015,4
59,23885,68770042.67,959.71144,2015,4
60,120888,169008449.07,466.0168,2015,4
61,23425,63517574.15,903.830242,2015,4
62,88505,144218719.26,543.161903,2015,4
63,1270,3840867.55,1007.837194,2015,4
64,2215,11564514.07,1740.071331,2015,4
65,17919,72771494.68,1353.661613,2015,4
66,19169,37397439.1,650.28846,2015,4
67,22355,85078389.09,1268.558144,2015,4
68,57422,223265676.99,1296.051902,2015,4
69,180164,596505257.12,1103.629748,2015,4
70,58467,76286971.75,434.923985,2015,4
71,3898,16664658.61,1425.060596,2015,4
72,6550,13124958.41,667.868838,2015,4
73,19487,46809286.16,800.678836,2015,4
74,25775,50527394.42,653.424992,2015,4
75,37566,108611700.74,963.724052,2015,4
76,7837,13101085.54,557.184771,2015,4
77,26104,46615523.57,595.2463,2015,4
78,22908,25748940.07,374.660828,2015,4
79,14317,37574399.1,874.820122,2015,4
80,676,2207143.94,1087.798886,2015,4
81,5840,10358392.62,591.16497,2015,4
82,8069,13831615.41,571.341873,2015,4
83,2547,14229780.89,1862.049318,2015,4
84,25689,72867030.13,945.47782,2015,4
85,1233,1879105.04,507.866227,2015,4
99,308517,750988232.8,811.394088,2015,4
0,209,622379.96,989.475294,2016,4
1,63180,130196460.47,686.903944,2016,4
2,16140,36280419.23,749.285816,2016,4
3,337,631825.12,623.716801,2016,4
4,10334,50812007.3,1638.991268,2016,4
5,546,1449726.79,885.05909,2016,4
6,6691,31823453.38,1585.228063,2016,4
7,86,284454.86,1098.281312,2016,4
8,427,751043.54,586.294722,2016,4
9,197,480750.6,813.452791,2016,4
10,2379,6336337.52,887.566538,2016,4
11,58,98419.85,559.203693,2016,4
12,911,2594468.57,949.311587,2016,4
13,13913,27209125,651.856088,2016,4
14,5005,10801359.68,719.275466,2016,4
15,7821,15076667.05,642.51724,2016,4
16,3419,8270206.64,806.298785,2016,4
17,8033,16074459.96,666.962365,2016,4
18,2109,6359617.64,1004.837674,2016,4
19,36995,61321197.03,552.512902,2016,4
20,5457,14998660.62,916.116578,2016,4
21,1830,4426706.43,806.028119,2016,4
22,5540,11639912.28,700.355732,2016,4
23,2208,10030648.57,1513.831658,2016,4
24,4734,14469097.01,1018.735267,2016,4
25,2265,9068358.6,1334.170751,2016,4
26,14100,29957173.21,708.173921,2016,4
27,85271,140537167.37,549.372463,2016,4
28,7290,14624797.05,668.684424,2016,4
29,13728,21119640.46,512.799331,2016,4
30,17018,26489264.93,518.847983,2016,4
31,9351,22249317.01,793.117207,2016,4
32,17305,45665672.39,879.589968,2016,4
33,1776,11866727.49,2227.238643,2016,4
34,12812,40064557.08,1042.343499,2016,4
35,8071,26322960.38,1087.051843,2016,4
36,29105,65279880.63,747.619371,2016,4
37,23060,66280633.06,958.075671,2016,4
38,5351,22906305.52,1426.828548,2016,4
39,4551,12806986.12,938.034579,2016,4
40,51330,126200946.7,819.534561,2016,4
41,9200,28956928,1049.088037,2016,4
42,21479,67501990.36,1047.565689,2016,4
43,41648,123899460.07,991.624062,2016,4
44,590,1758334.49,992.288086,2016,4
45,28838,76826118.76,887.998968,2016,4
46,21909,37839496.06,575.707031,2016,4
47,26475,76931154.05,968.576857,2016,4
48,2495,5128772.69,685.023733,2016,4
49,24848,137153325.27,1839.848218,2016,4
50,1967,11666310.94,1976.670779,2016,4
51,4332,16172921.5,1244.453793,2016,4
52,17129,48601807.61,945.762859,2016,4
53,15980,30860714.81,643.736228,2016,4
54,1287,6791030.95,1758.878774,2016,4
55,121451,233073353.15,639.69105,2016,4
56,15194,40486066.78,888.163978,2016,4
57,5016,9561467.68,635.397905,2016,4
58,343057,766165969.05,744.449628,2016,4
59,24238,74195896.33,1020.379793,2016,4
60,126789,185805896.8,488.489822,2016,4
61,24178,68921631.78,950.171387,2016,4
62,92431,161490700.19,582.380795,2016,4
63,1365,4549023.21,1110.330292,2016,4
64,2320,12200656.8,1752.967931,2016,4
65,18273,77835577.48,1419.813164,2016,4
66,19478,39862383.19,682.166222,2016,4
67,22824,93001500.59,1358.241333,2016,4
68,57414,229327175.52,1331.424249,2016,4
69,193388,690682252.64,1190.492795,2016,4
70,56576,80930342.58,476.823756,2016,4
71,4172,19052457.25,1522.248102,2016,4
72,8392,16915610.84,671.840926,2016,4
73,21022,51830682.9,821.848268,2016,4
74,26108,54643028.04,697.653695,2016,4
75,38605,117895097.03,1017.960514,2016,4
76,7996,13584182.47,566.290748,2016,4
77,27704,52932960.46,636.887097,2016,4
78,23260,28833898.36,413.211498,2016,4
79,14846,39877711.57,895.363769,2016,4
80,611,2563973.32,1398.785226,2016,4
81,5286,10196010.59,642.956904,2016,4
82,8104,14869330.54,611.579424,2016,4
83,2539,14695892.83,1929.354447,2016,4
84,25287,76793814.82,1012.269681,2016,4
85,1504,2658600.38,589.098245,2016,4
99,307393,772802246.7,838.016706,2016,4
0,172,566589.8,1098.042248,2017,4
1,64405,139085130.67,719.838992,2017,4
2,16048,38465751.4,798.956306,2017,4
3,625,1036000.17,552.238896,2017,4
4,9408,50702281.09,1796.297069,2017,4
5,519,1444870.71,926.793271,2017,4
6,6795,34520301.59,1693.416805,2017,4
7,117,364875.09,1039.53017,2017,4
8,356,776869.87,726.72579,2017,4
9,126,343435.58,903.777842,2017,4
10,2300,6531189.79,946.549244,2017,4
11,156,325795.27,694.659424,2017,4
12,894,2809613.4,1047.581431,2017,4
13,13654,28630717.19,698.940926,2017,4
14,5063,12097348.93,796.4546,2017,4
15,7716,16128597.98,696.729793,2017,4
16,3576,9265052.21,863.47178,2017,4
17,7914,16717520.04,704.073451,2017,4
18,2631,7741117.44,980.508858,2017,4
19,37012,67261661.23,605.758992,2017,4
20,4831,13929448.6,960.983001,2017,4
21,2065,5518780.71,890.700566,2017,4
22,5288,11798003.84,743.649785,2017,4
23,2150,10296182.31,1595.812509,2017,4
24,4739,16074182.04,1130.472047,2017,4
25,2145,8399911.92,1304.942041,2017,4
26,14096,32500345.2,768.547701,2017,4
27,80368,142344195.97,590.380148,2017,4
28,7070,15230787.66,718.026949,2017,4
29,12695,21975833.69,577.005558,2017,4
30,16382,27353825.34,556.571618,2017,4
31,9895,27068627.05,911.800688,2017,4
32,16943,47808306.78,940.57146,2017,4
33,1767,11863263.46,2237.085321,2017,4
34,13182,44325361.21,1120.799059,2017,4
35,8007,28808682.03,1199.212505,2017,4
36,30700,77193130.65,838.144741,2017,4
37,23566,72350953.79,1023.366013,2017,4
38,7138,30144986.83,1407.723303,2017,4
39,4483,14233374.4,1058.243449,2017,4
40,49818,134217748.31,898.053904,2017,4
41,9817,33616250.49,1141.391093,2017,4
42,22481,75263271.85,1115.920703,2017,4
43,44512,146567985.67,1097.591553,2017,4
44,572,1850382.23,1077.056012,2017,4
45,32431,98092503.06,1008.196752,2017,4
46,22393,44096606.38,656.394855,2017,4
47,26655,82767283.02,1035.017982,2017,4
48,2323,5311620.3,761.959589,2017,4
49,24978,142934616.52,1907.422554,2017,4
50,2018,12161027.39,2008.759066,2017,4
51,4244,17117354.23,1344.330026,2017,4
52,16959,51597532.98,1014.14232,2017,4
53,16321,34886763.91,712.48369,2017,4
54,1306,6808143.42,1737.65784,2017,4
55,128909,261208242.62,675.429674,2017,4
56,14847,44100446.61,990.109036,2017,4
57,4852,10474015.82,719.468046,2017,4
58,345825,810536125.28,781.257711,2017,4
59,24646,79729900.29,1078.305386,2017,4
60,130735,204426467.08,521.220852,2017,4
61,24528,77498178.58,1053.179025,2017,4
62,95081,173213237.79,607.24373,2017,4
63,1254,4377217.76,1163.534758,2017,4
64,2532,13252972.15,1744.271143,2017,4
65,18970,84331443.67,1481.838757,2017,4
66,19836,43504513.69,731.057717,2017,4
67,22152,93119915.94,1401.184446,2017,4
68,58296,241034275.08,1378.212895,2017,4
69,205791,781516214.77,1265.869552,2017,4
70,55329,85469582.85,514.914227,2017,4
71,4541,21928736.78,1609.566704,2017,4
72,9479,19512506.91,686.142025,2017,4
73,23162,64453319.51,927.546044,2017,4
74,26279,57849252.96,733.783032,2017,4
75,39041,124422761.2,1062.325599,2017,4
76,8200,15680512.23,637.367377,2017,4
77,28433,58161567.05,681.855204,2017,4
78,23467,32247624.8,458.049839,2017,4
79,15871,42941901.14,901.875522,2017,4
80,617,2160661.83,1167.294343,2017,4
81,4868,10214974.49,699.464152,2017,4
82,8300,16218850.12,651.333284,2017,4
83,2542,15231978.86,1996.850925,2017,4
84,24865,80734432.13,1082.289025,2017,4
85,1528,2940896.42,641.416885,2017,4
99,305385,864338460.38,943.439236,2017,4
0,92,360427.97,1305.898442,2018,4
1,65270,154823040.65,790.67591,2018,4
2,16041,41753015.24,867.631179,2018,4
3,579,1091495.3,628.018009,2018,4
4,8665,51590926.68,1984.495391,2018,4
5,532,1709955.13,1071.400457,2018,4
6,7064,37444075.79,1766.730008,2018,4
7,105,426191.69,1352.989492,2018,4
8,346,788714.37,758.379201,2018,4
9,229,520501.92,757.644716,2018,4
10,2353,7189852.63,1018.392723,2018,4
11,32,74460.67,767.635773,2018,4
12,978,3302964.82,1124.988017,2018,4
13,13647,31040435.77,758.174831,2018,4
14,4948,12690474.35,854.92282,2018,4
15,7176,16479876.07,765.43781,2018,4
16,3470,10157695.04,975.669488,2018,4
17,7832,18172525.99,773.397709,2018,4
18,2940,8519673.65,965.949393,2018,4
19,36002,73094471.16,676.76306,2018,4
20,4651,14789330.54,1059.787211,2018,4
21,2141,6164105.73,959.692624,2018,4
22,4910,12263352.31,832.542587,2018,4
23,2136,10634661.26,1659.073519,2018,4
24,4877,17527561.07,1197.810501,2018,4
25,1772,6588955.5,1238.991256,2018,4
26,13726,34005314.48,825.772571,2018,4
27,75022,144438168.86,641.753464,2018,4
28,6598,15141437.6,764.950874,2018,4
29,11785,22512436.31,636.735951,2018,4
30,15532,27940565.74,599.621558,2018,4
31,9657,29342165.5,1012.811621,2018,4
32,16626,50263643.48,1007.691328,2018,4
33,1778,11807443.07,2213.618873,2018,4
34,13288,47566783.15,1193.166687,2018,4
35,10367,42783806.4,1375.59663,2018,4
36,31060,85012138.29,912.333397,2018,4
37,24173,78443914.56,1081.686632,2018,4
38,7619,34069522.28,1490.420503,2018,4
39,4359,14617488.38,1117.630428,2018,4
40,47602,133865716.5,937.382475,2018,4
41,10662,39015935.21,1219.705364,2018,4
42,23504,83222547.76,1180.260774,2018,4
43,43919,152927575.85,1160.678945,2018,4
44,610,2094707.31,1144.023653,2018,4
45,32918,111107326.01,1125.091905,2018,4
46,21568,47056919.12,727.264452,2018,4
47,27025,91925545.49,1133.805462,2018,4
48,2353,6065323.65,858.989328,2018,4
49,25120,149618414.53,1985.329669,2018,4
50,2072,13012990.39,2093.130189,2018,4
51,1888,7048152.24,1244.1575,2018,4
52,16768,54465816.79,1082.690271,2018,4
53,15445,35834285.37,773.357332,2018,4
54,1302,6913555.89,1769.530557,2018,4
55,129549,282927070.56,727.977683,2018,4
56,15395,50381392.75,1090.860512,2018,4
57,4792,11118061.38,773.322764,2018,4
58,347585,874030542.96,838.192772,2018,4
59,24685,86380128.64,1166.400591,2018,4
60,133431,228039099.28,569.680457,2018,4
61,24489,82463497.18,1122.441024,2018,4
62,95778,187335310.24,651.972987,2018,4
63,1196,4253240.16,1185.076667,2018,4
64,2666,15130205.98,1891.748684,2018,4
65,19548,90337620.6,1540.388442,2018,4
66,19524,46115090.06,787.309682,2018,4
67,21288,96640470.02,1513.199248,2018,4
68,58405,257306471.29,1468.518513,2018,4
69,216573,880025647.24,1354.46699,2018,4
70,54810,92971286.66,565.40872,2018,4
71,4915,24269064.33,1645.806613,2018,4
72,11535,25237647.9,729.26425,2018,4
73,24166,71830771.7,990.769264,2018,4
74,27045,63678859.58,784.831329,2018,4
75,38895,132281003.77,1133.639597,2018,4
76,8353,16945953.56,676.215225,2018,4
77,28787,63829620.47,739.093819,2018,4
78,23416,34265828.7,487.776746,2018,4
79,16390,46691190.78,949.548336,2018,4
80,637,2285272.15,1195.226019,2018,4
81,4351,9718835.03,744.510114,2018,4
82,8238,17644781.53,713.901178,2018,4
83,2504,15380440.26,2047.176927,2018,4
84,24594,87007009.86,1179.212428,2018,4
85,1545,3332694.28,719.027892,2018,4
99,328216,979576650.84,994.849581,2018,4
