;;хиляди левове;хиляди левове;хиляди левове;хиляди левове;левове;километър;километър;брой;брой;процент;процент;процент;процент;процент;процент;процент;процент;
;;Разходи за придобиване на ДМА;Оборот;Произведена продукция;Добавена стойност по факторни разходи;Средна годишна работна заплата на наетите лица по трудово и служебно правоотношение;Дължина на aвтомагистралите;Дължина на първокласните пътища;Население към 31.12. - общо;Среден списъчен брой на наети лица по трудово и служебно правоотношение;Коефициент на заетост - 15 - 64 навършени години;Относителен дял на населениeто на възраст между 25 и 64 навършени години с висше образование;Относителен дял на населението на възраст между 25 и 64 навършени години със средно образование;Относителен дял на населението на възраст между 25 и 64 навършени години с основно и по-ниско образование;Относителен дял на предприятията с до 9 заети лица в общия брой предприятия за областта;Относителен дял на предприятията с 10-49 заети лица в общия брой предприятия за областта;Относителен дял на предприятията с 50-249 заети лица в общия брой предприятия за областта;Относителен дял на предприятията с повече от 250 заети лица в общия брой предприятия за областта;
VID;2005;50591;391822;258122;108333;3234;-;74;117809;22642;42.5;16.6;56.1;27.3;92.9;5.9;1.0;0.2;
VID;2006;58275;511931;319539;85287;3487;-;74;114769;22333;46.6;17.6;59.6;22.8;93.1;5.7;1.0;0.2;
VID;2007;106924;575991;357665;116509;4021;-;74;112604;22121;51.7;16.1;65.5;18.4;92.7;5.9;1.2;0.2;
VID;2008;99839;650094;389450;134919;4799;-;74;110310;21986;54.8;16.7;68.2;15.1;92.9;5.7;1.1;0.3;
VID;2009;76570;599239;365589;134706;5251;-;74;108067;21193;50.8;16.4;67.4;16.2;93.5;5.3;1.1;0.1;
VID;2010;52647;803574;382771;131338;5422;-;74;105837;18359;48.7;18.9;63.7;17.5;93.7;5.2;0.9;0.2;
VID;2011;87704;694954;428398;153323;5532;-;74;99481;18322;50.0;18.1;63.8;18.2;93.6;5.5;0.8;0.1;
VID;2012;113896;666752;502597;172821;5855;-;74;97546;17670;52.2;15.7;69.0;15.3;93.1;5.8;1.0;0.1;
VID;2013;66755;696007;508713;180193;6195;-;74;95467;17665;55.6;14.6;73.3;12.0;93.4;5.6;0.9;0.1;
VID;2014;87319;686203;491494;179708;6663;-;74;93361;17162;55.3;17.2;71.6;11.2;93.8;5.1;1.0;0.1;
VID;2015;158093;709357;516865;196007;7011;-;74;91235;16823;58.8;21.5;68.4;10.1;93.5;5.3;1.1;0.1;
VID;2016;115416;717054;508506;214521;7522;-;74;88867;16474;57.0;18.5;72.1;9.4;93.5;5.4;1.1;0.1;
VID;2017;74324;772492;558169;238595;8233;-;74;86927;16522;56.2;18.5;70.9;10.6;93.4;5.4;1.1;0.1;
VID;2018;72262;827175;590135;247883;9103;-;71;84865;16472;58.8;20.1;68.1;11.8;93.6;5.1;1.2;0.1;
VRC;2005;334231;1604586;1374030;538845;4126;-;59;209124;48439;46.7;18.3;58.2;23.5;89.7;7.8;2.2;0.3;
VRC;2006;322263;1816066;1515847;513255;4555;-;59;205797;49082;51.3;19.2;58.6;22.2;90.5;7.3;1.9;0.3;
VRC;2007;346856;1955992;1617412;625992;5127;-;59;202711;49206;55.8;17.6;63.6;18.8;90.1;7.6;2.0;0.3;
VRC;2008;341383;2387947;2074406;830719;6631;-;59;199702;48438;57.5;17.7;64.2;18.1;90.2;7.7;1.9;0.2;
VRC;2009;328389;2267558;1872285;791546;7696;-;59;196829;47692;56.1;19.0;63.3;17.7;91.5;6.8;1.5;0.2;
VRC;2010;372632;2165705;1866416;896515;8509;-;59;193555;42157;53.1;20.0;63.2;16.8;92.6;5.9;1.3;0.2;
VRC;2011;288984;2342547;2021699;945569;8657;-;59;184662;41118;53.7;18.0;64.3;17.7;92.1;6.3;1.4;0.2;
VRC;2012;269970;2351959;2013207;974386;9231;-;59;181574;40506;52.4;18.2;62.9;18.9;92.0;6.4;1.4;0.2;
VRC;2013;292518;2331128;1905693;825445;9383;-;59;178395;40214;52.1;20.4;61.6;17.9;92.2;6.3;1.4;0.1;
VRC;2014;380498;2446309;2059271;929332;9861;-;65;175169;38608;52.9;22.1;57.5;20.4;92.4;6.1;1.4;0.1;
VRC;2015;320229;2476244;2073569;940931;10332;-;65;172007;37200;50.3;21.1;56.7;22.2;92.4;6.1;1.4;0.1;
VRC;2016;301805;2543542;2087206;952814;10988;-;65;168727;36089;50.0;19.2;56.9;23.9;92.6;5.9;1.4;0.1;
VRC;2017;248733;2780190;2277377;1107562;11460;-;65;165645;38618;55.3;19.9;56.6;23.5;92.4;6.1;1.4;0.1;
VRC;2018;273399;3037657;2525992;1271561;12489;-;65;162549;38126;54.5;21.5;57.7;20.8;92.6;6.0;1.3;0.1;
LOV;2005;148273;1402655;910337;277620;3445;7;106;159214;41437;51.5;19.0;54.2;26.8;89.7;8.0;1.9;0.4;
LOV;2006;215861;1672304;1079085;276729;3752;7;106;157407;41749;59.1;20.2;58.5;21.3;89.3;8.4;1.9;0.4;
LOV;2007;260492;1947889;1253545;362729;4317;7;106;155468;42087;66.7;18.4;63.8;17.8;89.4;8.4;1.9;0.3;
LOV;2008;234849;2118276;1413895;448316;5146;7;106;153474;42073;64.8;18.7;61.1;20.2;89.7;8.4;1.7;0.3;
LOV;2009;129762;1603901;1124652;351495;5715;7;106;151153;37741;64.7;19.6;61.1;19.3;90.8;7.6;1.4;0.2;
LOV;2010;134797;1645762;1129789;342303;5936;7;106;147957;34199;59.8;21.6;61.0;17.4;91.8;6.7;1.3;0.2;
LOV;2011;153826;1841765;1298676;387394;6184;7;106;139609;34597;55.6;21.6;61.6;16.8;91.3;7.2;1.3;0.2;
LOV;2012;149160;1891056;1362993;385546;6509;7;106;137718;34532;52.9;16.4;64.8;18.8;91.9;6.7;1.2;0.2;
LOV;2013;155171;1990363;1478283;416833;6940;7;106;135580;34704;52.2;15.8;62.5;21.8;91.9;6.6;1.3;0.2;
LOV;2014;186744;2092540;1569865;463921;7487;7;105;133513;33989;51.0;18.6;59.1;22.3;92.0;6.5;1.3;0.2;
LOV;2015;301926;2228691;1589824;493639;8033;7;105;131493;33502;54.6;20.5;59.5;20.0;91.9;6.6;1.3;0.2;
LOV;2016;163940;2157870;1588312;485115;8604;7;105;129222;33149;52.4;17.3;59.7;23.0;91.9;6.7;1.2;0.2;
LOV;2017;133260;2340349;1736715;542199;9474;7;105;126961;33296;55.8;17.8;59.8;22.5;92.1;6.6;1.1;0.2;
LOV;2018;145446;2447697;1831343;589489;10317;7;105;124873;32697;60.9;20.9;63.5;15.6;92.5;6.1;1.2;0.2;
MON;2005;82986;746254;479160;181987;3286;-;52;166775;33777;50.4;16.2;56.5;27.3;90.0;7.9;1.8;0.3;
MON;2006;125674;920165;597007;169048;3593;-;52;164057;34668;52.4;16.7;59.3;24.0;89.4;8.6;1.7;0.3;
MON;2007;149233;1140044;802532;233975;4181;-;52;161161;34555;54.7;18.0;61.7;20.3;89.6;8.3;1.8;0.3;
MON;2008;165571;1366970;923836;287665;5137;-;52;158291;34305;58.2;16.0;65.3;18.7;89.9;8.2;1.6;0.3;
MON;2009;105183;1249463;832549;257464;5641;-;52;155899;32136;58.7;15.7;66.8;17.6;91.4;7.1;1.3;0.2;
MON;2010;103405;1380361;960657;283942;6028;-;52;153066;28583;55.4;15.4;68.7;15.9;92.3;6.3;1.3;0.2;
MON;2011;165937;1691719;1129839;331616;6289;-;52;145984;28731;52.9;15.8;68.1;16.1;92.3;6.2;1.4;0.2;
MON;2012;144377;1771011;1198175;353185;6572;-;52;143662;28722;53.3;18.1;65.5;16.3;92.1;6.3;1.4;0.2;
MON;2013;153622;1957474;1298786;357203;6995;-;52;141596;29069;53.0;18.4;66.0;15.6;91.6;6.8;1.4;0.2;
MON;2014;140311;2041256;1359365;394420;7449;-;52;139350;28092;55.9;17.1;64.3;18.6;92.2;6.2;1.4;0.2;
MON;2015;240820;2099420;1427078;430325;7971;-;52;137188;28152;53.7;17.3;63.2;19.5;92.0;6.4;1.4;0.2;
MON;2016;157545;2138472;1491020;470288;8624;-;64;134669;28121;53.3;16.4;65.1;18.5;92.0;6.6;1.3;0.2;
MON;2017;164614;2302992;1540656;471398;9297;-;64;132214;28339;57.3;14.4;64.6;21.0;91.8;6.7;1.3;0.2;
MON;2018;150011;2545601;1691511;497097;10129;-;64;129637;28487;52.2;12.6;61.7;25.6;92.2;6.4;1.2;0.2;
PVN;2005;227844;2522416;1326949;504613;3368;-;96;305025;74187;52.3;17.2;57.7;25.1;90.0;8.0;1.7;0.3;
PVN;2006;255893;2854628;1445613;462656;3617;-;96;301634;73986;55.1;18.0;57.9;24.1;90.2;7.9;1.6;0.3;
PVN;2007;339033;3047162;1721441;544467;4181;-;96;297928;73066;56.5;17.0;61.2;21.8;90.5;7.6;1.7;0.2;
PVN;2008;421325;3676979;2132579;659986;5268;-;96;294277;71923;59.8;17.6;60.0;22.4;90.9;7.4;1.5;0.2;
PVN;2009;336368;3304318;1959163;593588;5890;-;96;290589;67393;56.7;15.5;62.1;22.5;91.1;7.4;1.4;0.2;
PVN;2010;304732;2879997;1840032;650239;6093;-;96;286496;61022;52.4;17.5;61.2;21.2;91.5;7.0;1.3;0.2;
PVN;2011;289685;3261499;2114880;760952;6308;-;96;266865;62256;54.1;18.5;59.9;21.6;91.4;7.2;1.3;0.2;
PVN;2012;485622;3469555;2099934;676423;6646;-;96;262969;61042;55.5;21.7;57.9;20.4;91.6;7.0;1.2;0.2;
PVN;2013;422544;3736204;2288413;818876;7046;-;96;259363;61317;58.1;22.9;60.6;16.6;91.9;6.7;1.2;0.2;
PVN;2014;379410;3735208;2426267;848731;7400;-;97;255749;59797;58.0;23.6;57.6;18.8;91.8;6.9;1.1;0.2;
PVN;2015;498247;4189760;2673479;909267;7892;-;97;251986;59600;61.2;24.6;57.4;18.1;91.9;6.8;1.1;0.2;
PVN;2016;309507;4247420;2705594;935404;8630;-;97;248138;58758;59.5;24.1;56.6;19.3;92.1;6.8;1.0;0.1;
PVN;2017;341706;4317510;2844002;997933;9401;-;97;244209;58430;61.7;24.5;56.1;19.4;91.8;7.1;1.0;0.1;
PVN;2018;413893;4744262;3126997;1093178;10461;-;97;240380;58757;64.4;24.1;57.0;18.8;92.0;6.8;1.1;0.1;
VTR;2005;293510;2514581;1545002;496298;3276;-;153;283599;76443;48.7;23.0;52.8;24.2;89.2;8.7;1.8;0.3;
VTR;2006;351469;2891701;1776018;497152;3565;-;153;280883;78031;52.1;19.1;57.4;23.5;89.2;8.7;1.8;0.3;
VTR;2007;476060;3139058;2067696;577416;4157;-;153;278764;78187;57.5;24.0;58.6;17.4;89.2;8.6;1.9;0.3;
VTR;2008;463695;3734638;2523642;716180;5144;-;153;277520;78723;58.3;24.6;57.0;18.4;90.7;7.4;1.6;0.3;
VTR;2009;283855;3311992;2147034;659364;5765;-;153;275395;74746;55.6;24.2;58.7;17.1;90.8;7.3;1.6;0.3;
VTR;2010;267898;3652061;2351308;744216;6119;-;153;271400;70493;51.4;23.0;59.2;17.7;91.1;7.1;1.5;0.3;
VTR;2011;390400;3973940;2520466;794340;6488;-;153;256279;69215;54.3;21.5;61.4;17.1;91.1;7.2;1.5;0.2;
VTR;2012;377732;4184791;2667361;807225;6742;-;153;253580;67706;55.0;23.5;60.3;16.3;91.3;7.0;1.5;0.2;
VTR;2013;397597;4421800;2762602;857541;7262;-;153;251126;67813;54.8;26.6;58.9;14.6;91.5;6.8;1.5;0.2;
VTR;2014;384392;4122300;2743497;926801;7662;-;153;247782;67472;60.0;27.3;56.1;16.6;91.6;6.7;1.5;0.2;
VTR;2015;500926;4553964;3035379;1011447;8213;-;153;245006;67141;65.0;26.9;57.5;15.6;91.6;6.7;1.5;0.2;
VTR;2016;360522;4617723;2982409;997233;8934;-;153;242259;67110;65.0;27.3;58.5;14.3;91.7;6.6;1.5;0.2;
VTR;2017;380853;4868259;3196660;1127251;9665;-;153;239132;67355;66.3;22.1;63.3;14.5;91.5;6.9;1.4;0.2;
VTR;2018;428132;5110680;3421861;1223457;10529;-;153;235708;66481;66.6;26.8;60.2;13.0;91.8;6.6;1.4;0.2;
GAB;2005;121082;1542676;1055850;394829;3602;-;86;135780;45370;63.0;23.6;54.5;21.9;88.3;9.2;2.2;0.3;
GAB;2006;149268;1865776;1286897;384819;3920;-;86;134490;45839;65.5;22.4;59.1;18.5;88.2;9.2;2.2;0.4;
GAB;2007;238933;2327473;1593906;502361;4701;-;86;133218;46764;66.9;21.0;66.4;12.6;88.6;8.9;2.2;0.3;
GAB;2008;250211;2592127;1749018;571256;5641;-;86;131911;46405;69.4;24.7;64.4;10.9;89.2;8.6;1.9;0.3;
GAB;2009;154879;2061131;1395583;490010;6112;-;86;130001;42243;64.2;27.8;59.9;12.4;90.5;7.6;1.6;0.3;
GAB;2010;106972;2184540;1492935;499904;6591;-;86;127750;39945;61.6;24.2;61.6;14.2;90.7;7.5;1.5;0.3;
GAB;2011;164290;2540051;1747707;549796;6827;-;86;121389;39810;59.6;25.0;61.5;13.5;91.0;7.1;1.6;0.3;
GAB;2012;142520;2652469;1871434;585329;7399;-;86;119971;39356;61.4;25.1;64.7;10.3;91.1;7.0;1.6;0.3;
GAB;2013;182708;2824889;1969467;583369;7912;-;86;118271;39233;65.8;24.9;65.4;9.8;90.9;7.3;1.5;0.3;
GAB;2014;304762;2805430;2003070;661463;8283;-;87;116351;38990;66.1;26.3;59.9;13.8;91.3;6.9;1.5;0.3;
GAB;2015;300031;2855119;2047554;716165;8826;-;86;114272;38935;67.4;26.8;61.9;11.3;91.7;6.6;1.4;0.3;
GAB;2016;229920;2998277;2105682;768129;9498;-;86;112334;39050;67.6;25.9;65.8;8.2;91.6;6.8;1.3;0.3;
GAB;2017;218648;3343915;2329172;817059;10522;-;86;110254;39260;67.1;26.5;62.3;11.2;91.6;6.7;1.4;0.3;
GAB;2018;231233;3517241;2493228;859150;11796;-;86;108404;38854;67.2;27.9;57.6;14.5;91.9;6.5;1.4;0.2;
RAZ;2005;90409;1017797;648510;230292;3264;-;56;139094;30794;43.0;13.3;40.3;46.4;89.7;8.2;1.8;0.3;
RAZ;2006;104347;1164554;682321;206342;3603;-;56;137853;29851;45.7;12.8;39.1;48.1;89.8;8.3;1.6;0.3;
RAZ;2007;156794;1438628;876613;271534;4202;-;56;136062;30444;46.0;12.9;43.6;43.5;89.8;8.3;1.6;0.3;
RAZ;2008;193160;1421247;1028011;297325;5172;-;56;134485;30410;49.7;14.2;44.2;41.6;90.2;8.1;1.5;0.3;
RAZ;2009;109470;1330234;901860;263838;5721;-;56;132740;28719;48.8;15.2;40.9;43.9;91.3;7.1;1.3;0.2;
RAZ;2010;87169;1464077;998839;313547;6071;-;56;130238;26239;46.4;12.1;43.3;44.7;91.9;6.6;1.3;0.2;
RAZ;2011;126923;1829657;1239054;380686;6488;-;56;123600;26538;50.2;12.9;44.9;42.2;91.6;6.9;1.3;0.2;
RAZ;2012;167460;1990762;1389591;450102;7065;-;56;122166;26742;50.7;14.0;45.5;40.6;91.6;6.8;1.4;0.2;
RAZ;2013;159504;2093114;1462367;472475;7533;-;56;120594;27070;50.2;13.7;44.4;41.9;91.2;7.3;1.3;0.2;
RAZ;2014;181940;1993796;1389035;470241;8351;-;56;119048;26490;52.8;16.2;42.9;40.9;91.8;6.8;1.2;0.2;
RAZ;2015;216882;2086472;1453226;470951;8702;-;56;117241;26055;55.6;18.7;44.6;36.7;91.3;7.2;1.3;0.2;
RAZ;2016;170940;2357202;1700221;509393;9694;-;56;115402;26243;56.0;18.4;45.3;36.3;91.4;7.3;1.1;0.2;
RAZ;2017;183986;2620082;1946535;565376;10453;-;56;113714;26483;58.8;17.5;43.7;38.8;91.4;7.2;1.2;0.2;
RAZ;2018;199728;2687988;1746254;584697;11569;-;56;112229;25914;56.2;20.0;43.4;36.6;91.7;7.0;1.1;0.2;
RSE;2005;237531;3227176;1779516;609796;3313;-;110;256835;75834;56.6;21.2;52.4;26.4;88.6;9.1;2.1;0.3;
RSE;2006;464980;3579548;2150021;593380;3628;-;110;255315;77513;56.7;21.1;54.2;24.7;88.5;9.0;2.2;0.3;
RSE;2007;634677;4445659;2813038;820645;4326;-;110;253008;80397;59.6;19.2;56.7;24.1;88.8;8.7;2.1;0.3;
RSE;2008;739662;5707344;3422545;1012330;5465;-;110;251236;82730;60.5;19.3;56.0;24.7;90.0;7.9;1.9;0.3;
RSE;2009;452806;4547313;2865224;908181;6112;-;110;249144;77174;64.5;19.3;58.1;22.6;90.1;7.7;1.8;0.3;
RSE;2010;347785;4618375;2767881;893742;6354;-;110;246670;70957;62.0;20.4;58.8;20.7;90.9;7.2;1.6;0.3;
RSE;2011;386368;5359684;3116160;1029695;6783;-;110;233767;70693;58.0;22.0;58.0;20.0;90.8;7.3;1.7;0.2;
RSE;2012;421876;5764845;3287592;1053638;7155;-;110;231580;70007;57.8;22.1;60.1;17.9;91.0;7.2;1.6;0.2;
RSE;2013;440017;6238659;3612812;1174945;7589;-;110;229784;70612;57.7;23.6;57.3;19.1;91.2;7.0;1.6;0.2;
RSE;2014;466452;6487687;3971031;1284947;8028;-;110;227685;69431;56.6;23.6;56.8;19.6;91.6;6.6;1.6;0.2;
RSE;2015;500056;7033605;4345609;1429347;8563;-;110;225674;69089;60.0;24.4;58.9;16.7;91.7;6.7;1.4;0.2;
RSE;2016;403313;7615365;4574346;1487911;9287;-;110;223489;69406;62.2;26.8;56.1;17.1;91.6;6.8;1.5;0.2;
RSE;2017;357136;8597716;4977239;1531926;10243;-;110;221336;69277;65.0;27.7;55.5;16.8;91.8;6.6;1.4;0.2;
RSE;2018;425809;8798958;5078687;1623631;11185;-;110;218556;68303;67.7;29.1;58.0;12.9;91.9;6.5;1.4;0.2;
SLS;2005;81227;729937;425685;173145;3225;-;57;134093;25690;52.1;15.5;45.9;38.6;89.9;8.4;1.7;0.1;
SLS;2006;102100;887544;505958;162575;3476;-;57;132699;25779;49.0;14.4;43.8;41.8;89.2;9.1;1.6;0.1;
SLS;2007;176937;1023829;588420;219850;4033;-;57;130898;25896;53.1;14.8;52.1;33.1;89.2;9.2;1.6;0.1;
SLS;2008;205900;1205166;747693;271839;4915;-;57;129121;26450;54.6;15.1;50.9;34.0;89.5;8.8;1.5;0.1;
SLS;2009;127263;1027823;612037;252855;5349;-;57;127659;23350;53.6;14.2;47.7;38.1;90.5;8.3;1.1;0.1;
SLS;2010;93456;1160145;662814;260306;5771;-;57;125827;21283;50.0;13.1;47.5;39.3;91.6;7.1;1.2;0.1;
SLS;2011;149794;1419297;798943;303989;6059;-;57;118433;21457;50.1;15.4;47.9;36.8;91.5;7.2;1.2;0.1;
SLS;2012;169853;1500118;838168;256978;6390;-;57;117214;21313;50.9;15.8;49.4;34.8;91.7;7.2;1.0;0.1;
SLS;2013;176278;1545183;798684;303510;6880;-;57;116038;21150;48.2;15.1;52.5;32.4;91.8;7.0;1.1;0.1;
SLS;2014;165673;1568777;796705;313680;7215;-;57;114670;20767;50.0;14.4;53.1;32.5;91.9;7.0;1.0;0.1;
SLS;2015;252705;1722334;850765;339039;7494;-;57;113248;21191;49.2;16.4;50.3;33.3;92.1;6.6;1.2;0.1;
SLS;2016;146529;1662296;831640;344837;7967;-;57;111957;21153;52.2;18.5;46.3;35.2;92.4;6.4;1.1;0.1;
SLS;2017;153041;1684204;946554;385060;8672;-;57;110562;21126;57.0;17.7;47.2;35.1;91.9;6.8;1.2;0.1;
SLS;2018;173657;1698675;975481;388452;9434;-;57;109271;20986;60.2;16.9;50.4;32.7;92.1;6.6;1.2;0.1;
VAR;2005;896525;9101854;4814283;1712449;3987;58;135;457922;140913;60.3;22.3;52.2;25.5;91.1;7.3;1.4;0.2;
VAR;2006;1304335;9954762;5748537;1866477;4377;58;135;456915;148806;62.9;23.1;52.7;24.2;91.0;7.3;1.4;0.2;
VAR;2007;2261284;12948957;7964009;2578970;5168;58;135;459613;161928;65.0;23.8;54.3;21.9;90.4;8.0;1.5;0.2;
VAR;2008;2076743;15939625;10177725;3181427;6448;58;135;463260;170679;66.8;24.8;54.5;20.7;91.0;7.5;1.3;0.2;
VAR;2009;1402421;13170559;7648787;2527752;7159;58;135;465465;164943;64.4;25.5;53.9;20.6;92.4;6.4;1.1;0.2;
VAR;2010;1119557;13865777;7691059;2524861;7533;58;135;465100;150670;60.8;25.6;54.2;20.2;93.0;5.8;1.0;0.2;
VAR;2011;1091098;14880007;8354529;2697471;8144;58;135;474344;149361;56.6;25.4;54.7;20.0;93.0;5.8;1.1;0.2;
VAR;2012;1012292;15131071;8552436;2790501;8562;58;135;473415;149001;54.1;26.0;52.6;21.4;93.0;5.8;1.1;0.1;
VAR;2013;1129690;15267679;8362807;2741353;8922;58;135;474076;149368;57.8;31.4;49.9;18.6;92.9;5.9;1.0;0.2;
VAR;2014;1101169;15128651;8682862;2920339;9272;58;139;473804;151621;61.8;33.8;47.4;18.8;92.8;5.9;1.1;0.2;
VAR;2015;989946;15577331;9355288;3242346;10000;58;139;472926;151747;68.4;30.7;53.9;15.5;92.8;6.0;1.1;0.1;
VAR;2016;951254;15556339;9004396;3428400;10773;58;139;472654;150698;65.9;29.9;53.3;16.8;93.2;5.6;1.1;0.1;
VAR;2017;1266000;16481891;9769642;3830067;11700;58;139;472120;152519;66.0;32.4;49.2;18.3;92.9;5.9;1.1;0.1;
VAR;2018;1301306;17726815;10444889;4003081;13008;58;139;471252;154052;66.3;29.5;51.4;19.1;92.9;5.9;1.1;0.1;
DOB;2005;189348;1508535;902851;379723;3303;-;83;205541;48167;50.3;18.1;46.3;35.6;90.6;7.9;1.2;0.3;
DOB;2006;248466;1810236;1072306;347004;3592;-;83;204738;48914;55.9;19.4;45.1;35.5;90.2;8.3;1.4;0.2;
DOB;2007;346803;2105808;1270038;473567;4254;-;83;203138;47068;57.9;18.8;46.2;35.0;89.7;8.5;1.5;0.3;
DOB;2008;567303;2572117;1585416;617551;5353;-;83;201499;45223;62.0;16.8;49.6;33.6;90.1;8.2;1.5;0.2;
DOB;2009;921135;2461295;1353596;539873;5772;-;83;199705;46197;57.1;16.7;50.6;32.7;92.0;6.9;0.9;0.1;
DOB;2010;385387;2625901;1707161;756888;6130;-;83;197424;42993;55.2;17.9;52.6;29.4;92.4;6.6;0.9;0.1;
DOB;2011;373192;2956647;1829762;760715;6394;-;83;188088;43448;54.4;18.4;52.5;29.2;92.8;6.3;0.9;0.1;
DOB;2012;328709;3123115;2012710;812111;6738;-;83;186445;42641;58.3;18.3;55.9;25.8;93.0;6.1;0.8;0.1;
DOB;2013;380718;3305237;2042058;806898;7164;-;83;184680;42442;59.4;18.4;58.2;23.4;93.3;5.8;0.8;0.1;
DOB;2014;372252;3270104;2123945;814597;7581;-;83;182808;41827;61.2;18.4;56.1;25.5;93.2;5.9;0.8;0.1;
DOB;2015;389972;3446318;2224372;836094;8084;-;83;180601;40496;60.9;19.4;55.8;24.8;93.4;5.8;0.7;0.1;
DOB;2016;293711;3463134;2195678;894461;8705;-;83;178438;40772;62.6;22.1;57.0;21.0;93.6;5.6;0.7;0.1;
DOB;2017;335749;3680704;2374293;947830;9539;-;83;176145;40594;69.8;20.8;59.0;20.1;93.3;5.9;0.7;0.1;
DOB;2018;351734;3921720;2564060;1026239;10429;-;83;173831;40520;65.3;20.8;55.8;23.4;93.5;5.7;0.7;0.1;
TGV;2005;257630;839203;557342;181516;3217;-;77;135262;29747;52.7;13.7;41.3;45.0;88.9;8.8;2.0;0.3;
TGV;2006;171094;1065906;745062;232855;3503;-;77;134264;30435;53.2;14.5;43.7;41.8;88.7;8.9;2.0;0.3;
TGV;2007;142738;1326666;956836;319719;4023;-;77;132771;30834;51.9;14.7;48.0;37.3;89.3;8.3;2.1;0.3;
TGV;2008;194612;1517876;1092916;338617;4909;-;77;131233;30705;53.4;13.9;48.5;37.6;88.1;9.6;2.0;0.3;
TGV;2009;148152;1322021;926898;300655;5389;-;77;129675;29839;55.8;16.0;46.0;38.0;89.8;8.1;1.8;0.3;
TGV;2010;117354;1506262;1064290;351747;5620;-;77;127832;27759;54.2;13.1;50.4;36.4;90.5;7.8;1.5;0.3;
TGV;2011;156440;1734054;1216668;387780;5913;-;77;119865;27764;57.6;15.2;47.3;37.5;90.6;7.8;1.3;0.3;
TGV;2012;258311;1890209;1341315;388556;6556;-;77;118786;28130;53.9;17.9;47.9;34.1;91.1;7.2;1.4;0.3;
TGV;2013;319230;2046259;1312850;395597;7195;-;77;117719;27842;48.7;16.7;46.3;37.0;91.0;7.2;1.5;0.3;
TGV;2014;240738;1940287;1339203;433444;7465;-;77;116420;27999;51.2;17.3;43.4;39.3;90.6;7.6;1.5;0.3;
TGV;2015;819521;2187731;1511512;485233;7902;-;77;115211;28629;51.6;15.0;49.3;35.7;91.0;7.4;1.3;0.3;
TGV;2016;213362;2366951;1568681;550023;8963;-;77;113694;28808;53.6;18.1;46.2;35.7;90.9;7.5;1.4;0.3;
TGV;2017;164978;2405262;1622443;538066;9754;-;77;112474;28466;60.4;19.7;46.6;33.6;90.5;8.0;1.2;0.3;
TGV;2018;231162;2625354;1731739;596755;10833;-;77;111597;28305;63.0;16.8;49.6;33.7;90.8;7.7;1.2;0.3;
SHU;2005;184120;1513817;1013938;308205;3258;14;188;198106;48483;51.7;16.6;45.7;37.7;89.8;7.9;1.9;0.4;
SHU;2006;170730;1854619;1287510;323739;3631;26;188;197632;49138;53.2;17.1;46.9;36.0;89.4;8.3;2.0;0.4;
SHU;2007;293657;2296521;1632023;436862;4251;26;188;196559;50081;54.9;17.1;45.9;37.0;89.7;8.0;2.0;0.4;
SHU;2008;283772;2583691;1784327;493622;5357;26;188;195479;49775;56.5;18.2;45.5;36.3;90.3;7.7;1.7;0.3;
SHU;2009;183519;2085872;1353320;409755;5803;26;188;194090;45653;51.0;18.7;45.5;35.8;91.5;6.9;1.4;0.2;
SHU;2010;151748;2366203;1538716;436842;6214;26;188;192203;41931;50.1;18.8;47.2;33.9;91.8;6.7;1.3;0.3;
SHU;2011;192565;2730083;1816335;504868;6499;26;188;179668;42595;53.9;20.4;50.0;29.6;91.4;7.1;1.2;0.3;
SHU;2012;256016;2886624;1911671;521040;7068;26;188;178814;42405;54.9;20.7;49.0;30.3;92.0;6.4;1.3;0.3;
SHU;2013;237943;3120763;2076530;584861;7405;33;188;178061;42617;55.1;21.3;49.4;29.3;92.1;6.4;1.2;0.3;
SHU;2014;265981;3117508;2118929;627270;7968;33;188;176925;41797;58.7;24.2;47.1;28.7;92.0;6.5;1.2;0.3;
SHU;2015;355433;3163054;2211687;650776;8505;37;188;175720;42163;58.5;24.0;46.6;29.4;91.9;6.5;1.3;0.3;
SHU;2016;241669;3157596;2162686;693010;9026;37;188;174476;42131;61.3;21.9;48.4;29.7;92.1;6.4;1.3;0.3;
SHU;2017;292433;3466460;2454587;761127;9994;37;189;172966;42184;62.7;22.6;47.8;29.6;92.0;6.5;1.2;0.3;
SHU;2018;362986;3748139;2702649;795121;11028;37;189;172355;42483;64.6;24.0;47.1;28.9;92.3;6.4;1.0;0.3;
BGS;2005;908489;11188220;8018033;1447932;4005;-;249;418750;117732;56.3;18.5;48.4;33.1;91.3;7.2;1.3;0.2;
BGS;2006;1101715;14557146;10783442;1331617;4358;35;249;417810;124519;59.9;16.5;48.9;34.6;91.1;7.2;1.4;0.2;
BGS;2007;1698185;16060609;11862393;1833461;5007;35;249;420095;130245;59.5;15.3;48.6;36.1;90.8;7.6;1.5;0.2;
BGS;2008;1848133;19033860;13913520;1690135;6117;35;249;420840;139059;61.7;14.5;48.2;37.3;91.6;7.0;1.2;0.2;
BGS;2009;1278219;13659991;10130792;1798582;6830;35;249;422319;131384;61.3;14.4;48.3;37.3;92.6;6.2;1.1;0.1;
BGS;2010;860061;14686504;10770783;1651616;7092;35;249;421252;118872;57.2;15.6;51.2;33.2;93.5;5.5;0.9;0.1;
BGS;2011;988203;16551059;12610661;1846343;7359;35;249;414947;118975;55.3;17.3;52.3;30.4;93.4;5.6;0.9;0.1;
BGS;2012;1312398;18558276;14140765;1943914;7788;35;249;414154;118885;57.3;18.6;52.4;29.0;93.6;5.4;0.9;0.1;
BGS;2013;1886262;18449059;14164230;1881217;8212;51;249;414485;122348;58.9;20.2;51.9;28.0;93.6;5.4;0.9;0.1;
BGS;2014;1852643;17839801;13577418;1866231;8834;52;249;414184;124729;60.3;18.8;53.4;27.8;93.6;5.4;0.9;0.1;
BGS;2015;1478832;15713957;11806657;2332967;9102;52;252;413884;123543;62.2;19.3;51.9;28.8;93.9;5.1;0.9;0.1;
BGS;2016;973382;14759434;11254437;2777840;9540;51;252;412684;123268;63.6;23.1;49.2;27.8;94.1;5.0;0.8;0.1;
BGS;2017;1237318;16776517;12938784;2949253;10276;51;252;411579;123233;64.8;24.8;53.0;22.2;93.9;5.2;0.8;0.1;
BGS;2018;1228961;18324387;14144744;3007053;11225;51;252;410331;123317;67.4;23.6;56.3;20.1;94.1;5.0;0.8;0.1;
SLV;2005;200820;1366163;956525;318129;3180;-;85;209694;41609;47.2;16.1;47.0;36.9;89.8;8.5;1.4;0.3;
SLV;2006;210702;1681259;1161780;295695;3454;-;85;209169;43650;51.9;17.7;45.9;36.4;89.9;8.4;1.5;0.2;
SLV;2007;276103;1991936;1357532;374475;3906;-;85;207786;44885;55.2;19.4;47.0;33.6;90.7;7.7;1.4;0.2;
SLV;2008;310595;2272335;1565818;451413;4966;-;85;206566;44770;59.6;19.1;47.4;33.5;90.2;8.2;1.4;0.2;
SLV;2009;301757;2073216;1345581;386949;5649;-;85;204887;41492;56.3;17.2;52.7;30.0;91.9;6.7;1.2;0.1;
SLV;2010;186275;1912997;1283516;393656;6000;-;85;201972;37796;54.0;18.4;55.3;26.4;92.2;6.5;1.1;0.2;
SLV;2011;293978;2168394;1496150;463835;6191;-;85;196712;38376;53.7;18.7;53.7;27.6;92.1;6.6;1.2;0.2;
SLV;2012;320801;2261957;1608384;512693;6589;45;85;195345;37817;51.8;18.7;50.7;30.7;92.3;6.4;1.2;0.1;
SLV;2013;220372;2221472;1601901;497042;6999;44;85;193925;36868;51.8;20.5;49.3;30.2;92.4;6.4;1.1;0.1;
SLV;2014;222619;2401964;1705471;577421;7265;44;85;192644;36975;52.4;22.5;47.4;30.1;92.6;6.2;1.0;0.2;
SLV;2015;228991;2552424;1800110;590521;7830;44;85;191185;37425;55.9;21.8;49.4;28.8;92.6;6.2;1.0;0.2;
SLV;2016;203392;2642652;1864397;676726;8438;44;85;189788;37336;58.9;21.4;49.3;29.3;92.8;6.1;0.9;0.2;
SLV;2017;200523;2904786;2059655;741772;9113;44;85;188433;39212;58.9;21.2;49.6;29.2;92.6;6.3;1.0;0.1;
SLV;2018;216381;3056056;2201288;755460;10005;44;85;186495;38673;61.2;21.1;45.5;33.4;92.9;6.0;1.0;0.1;
SZR;2005;516565;5082996;3393572;1266908;4040;12;167;360203;107914;57.6;18.1;56.8;25.1;89.4;8.6;1.7;0.3;
SZR;2006;1045499;5851728;3846707;1239593;4396;28;167;358342;112674;60.1;19.0;58.8;22.2;89.6;8.3;1.8;0.3;
SZR;2007;1588685;6980917;4513104;1475015;5225;52;167;355626;114269;61.3;19.7;61.3;19.0;89.4;8.6;1.7;0.3;
SZR;2008;2023432;7611811;5208731;1734384;6547;52;167;353494;118818;64.0;20.4;59.5;20.1;90.0;8.1;1.6;0.3;
SZR;2009;1208472;6930046;4796880;1725989;7602;52;167;350925;113480;64.2;19.3;62.4;18.3;91.0;7.4;1.4;0.3;
SZR;2010;880638;7443024;5028935;1827483;8080;52;167;347412;108244;63.5;19.3;64.5;16.1;91.3;7.0;1.4;0.3;
SZR;2011;643480;7948568;5606782;2056278;8512;52;167;331135;106133;62.4;21.5;61.8;16.7;91.5;7.0;1.3;0.3;
SZR;2012;973730;8626342;5861246;2292309;9117;73;167;329832;103120;62.8;20.5;63.8;15.7;91.5;7.0;1.2;0.3;
SZR;2013;678226;8099625;5530247;2198278;9414;73;167;328104;101303;58.0;19.5;65.0;15.5;91.9;6.6;1.2;0.3;
SZR;2014;902543;8614855;6408799;2619089;10035;73;167;325963;100370;58.0;21.8;59.9;18.3;92.2;6.4;1.2;0.2;
SZR;2015;862448;9401695;7027765;2792589;10667;92;167;323685;101646;60.3;22.6;59.8;17.6;92.1;6.5;1.2;0.2;
SZR;2016;674448;9345193;6996670;2961791;11250;92;167;321377;104411;61.1;18.6;66.5;14.9;92.1;6.6;1.2;0.2;
SZR;2017;779391;10050793;7650784;3345395;12248;92;167;319067;105851;70.1;17.8;67.3;15.0;91.8;6.7;1.2;0.3;
SZR;2018;829012;10403312;7974252;3283560;13190;93;167;316356;105668;71.0;19.0;63.0;18.0;92.1;6.5;1.2;0.2;
JAM;2005;106271;1012551;539646;203917;3166;-;96;146094;29791;58.3;17.6;50.5;31.9;90.5;7.9;1.5;0.1;
JAM;2006;243537;1085352;615373;171404;3420;-;96;144525;30197;56.9;17.4;55.8;26.8;90.6;7.6;1.7;0.1;
JAM;2007;186671;1354391;806238;252645;4094;-;96;142475;31433;63.1;17.6;60.2;22.2;89.9;8.0;2.0;0.1;
JAM;2008;216738;1669896;995750;319354;5045;-;96;140669;32600;64.1;15.6;62.9;21.5;91.1;7.3;1.5;0.1;
JAM;2009;188574;1530773;930193;309112;5701;-;96;138429;32658;60.8;18.3;61.4;20.3;91.5;7.2;1.3;0.1;
JAM;2010;122351;1762216;1030719;330272;6034;-;96;135812;30760;56.9;19.2;59.0;21.8;92.1;6.6;1.3;0.1;
JAM;2011;212424;2171646;1298762;377309;6343;-;96;130056;30615;59.9;18.0;59.4;22.6;92.4;6.2;1.2;0.1;
JAM;2012;389305;2474787;1471942;440026;6679;18;96;128650;30005;61.4;22.4;59.6;17.9;92.6;6.1;1.2;0.1;
JAM;2013;169626;2444232;1362065;429057;7111;35;96;127176;30294;59.9;24.2;59.4;16.4;92.6;6.1;1.2;0.1;
JAM;2014;220184;2382751;1472940;503997;7472;35;97;125724;31709;58.8;23.7;60.7;15.6;92.9;5.8;1.2;0.1;
JAM;2015;268506;2746059;1644169;547156;8053;35;96;123821;32780;62.8;29.0;56.2;14.8;92.8;6.0;1.1;0.1;
JAM;2016;164048;2798107;1554251;534904;8625;34;96;122276;33106;66.2;26.0;60.5;13.4;92.8;5.9;1.2;0.1;
JAM;2017;239416;2921580;1637660;596663;9530;35;96;120470;31405;67.9;22.0;59.8;18.2;92.8;6.0;1.1;0.1;
JAM;2018;200102;3043134;1785130;663630;10815;35;96;118897;30189;62.3;21.0;55.6;23.4;92.9;6.0;1.0;0.1;
BLG;2005;266148;2479812;1841038;599826;3130;-;87;333577;96189;63.8;14.3;51.1;34.6;88.8;8.5;2.4;0.2;
BLG;2006;427632;3095704;2345869;566605;3407;-;87;330034;97242;66.8;14.0;54.3;31.7;88.7;8.5;2.5;0.2;
BLG;2007;570302;3766264;2913913;750144;3842;-;87;329309;100082;67.9;12.9;58.5;28.6;89.4;8.0;2.3;0.2;
BLG;2008;700623;4624438;3680416;914255;4819;-;87;328783;101718;69.4;13.4;58.4;28.2;89.6;8.1;2.1;0.2;
BLG;2009;433197;4052600;3097531;851740;5423;-;87;327885;92727;67.8;15.3;56.7;28.0;91.4;6.8;1.6;0.2;
BLG;2010;342999;3836155;2863954;821121;5683;-;87;325870;86088;64.9;15.9;60.4;23.6;92.1;6.4;1.4;0.1;
BLG;2011;396641;4456777;3280979;928330;5990;-;87;322025;88086;64.6;16.6;64.0;19.4;92.1;6.4;1.4;0.2;
BLG;2012;354424;4750769;3538757;992912;6271;-;87;320160;87591;65.4;17.7;64.8;17.5;92.7;5.9;1.2;0.2;
BLG;2013;425974;5294646;3961516;1123652;6566;-;87;318110;88589;63.3;18.0;60.0;22.0;92.9;5.8;1.2;0.1;
BLG;2014;495204;5642119;4206879;1135734;6818;-;87;315577;89016;62.6;19.6;56.6;23.8;93.4;5.4;1.1;0.1;
BLG;2015;560486;6410596;4805617;1373276;7181;19;74;312831;89286;63.4;19.5;57.7;22.8;93.3;5.6;1.0;0.1;
BLG;2016;427467;6554553;4876689;1476922;7658;19;75;310321;89355;64.0;19.4;58.8;21.9;93.7;5.3;0.9;0.1;
BLG;2017;487138;7379929;5579173;1555133;8297;19;75;307882;89746;69.2;19.9;60.5;19.6;93.5;5.5;0.9;0.1;
BLG;2018;539533;7592886;5620867;1670126;9024;43;75;305123;88781;71.0;20.7;60.1;19.2;93.6;5.5;0.8;0.1;
KNL;2005;78584;902560;680165;271775;3393;-;85;152714;39257;54.5;15.3;58.4;26.3;91.2;6.7;1.8;0.3;
KNL;2006;97372;998539;752886;261642;3593;-;85;150792;39613;58.2;17.9;61.6;20.5;90.2;7.6;1.8;0.4;
KNL;2007;149841;1150746;879020;297394;4186;-;85;149187;38564;63.9;16.0;67.1;16.9;91.1;7.0;1.6;0.3;
KNL;2008;174243;1288026;960449;314463;4924;-;85;147531;38328;63.8;16.1;64.1;19.8;91.4;6.8;1.5;0.3;
KNL;2009;80652;1093721;798078;269381;5454;-;85;145577;36060;61.5;17.7;62.4;19.9;92.5;6.1;1.3;0.2;
KNL;2010;82799;1180370;905381;305874;5891;-;85;143081;33145;60.8;17.2;66.2;16.6;92.8;5.7;1.3;0.2;
KNL;2011;80510;1338733;1001178;341588;6219;-;85;134990;32269;58.1;20.7;67.6;11.8;93.0;5.6;1.2;0.2;
KNL;2012;100924;1296055;979870;294935;6444;-;85;132813;31127;57.9;19.4;71.2;9.3;93.5;5.2;1.1;0.2;
KNL;2013;138845;1364242;1017134;329003;6880;-;85;130301;30696;57.4;22.5;67.8;9.7;93.7;5.0;1.1;0.2;
KNL;2014;139008;1678667;1265127;346039;7091;9;85;127969;30618;57.4;23.7;63.6;12.7;93.8;4.9;1.1;0.2;
KNL;2015;159583;1786607;1444463;407740;7486;42;85;126014;30900;60.2;23.7;62.0;14.3;93.5;5.2;1.1;0.2;
KNL;2016;136538;1595280;1208900;398072;7942;44;85;123431;30241;64.1;24.8;63.2;12.0;93.6;5.3;1.1;0.1;
KNL;2017;131625;1698342;1302866;421786;8642;44;85;121099;29410;67.1;25.2;63.3;11.4;93.4;5.4;1.1;0.1;
KNL;2018;133046;1856495;1410606;475714;9476;44;85;119041;29019;67.5;22.3;68.1;9.6;93.6;5.4;0.9;0.1;
PER;2005;139375;1347854;937629;298331;3440;-;80;140981;32189;56.4;15.5;64.0;20.5;90.4;7.6;1.6;0.3;
PER;2006;195947;1633724;1177120;313957;3740;-;80;139677;31799;56.9;15.1;66.3;18.6;90.5;7.5;1.7;0.3;
PER;2007;237041;2147341;1553886;414510;4447;-;80;138773;31650;59.3;16.5;66.5;17.0;90.8;7.2;1.7;0.3;
PER;2008;405789;2529637;2165077;633261;5511;-;80;137449;32732;63.5;17.0;67.4;15.6;90.9;7.2;1.7;0.3;
PER;2009;131626;1717040;1228393;248065;5710;-;80;136249;30705;62.4;16.8;69.3;13.9;92.0;6.4;1.3;0.3;
PER;2010;127510;1863151;1639738;345727;5890;-;80;134694;29106;61.9;16.3;69.6;14.0;92.4;6.1;1.2;0.3;
PER;2011;93861;2307258;1872426;382079;6080;10;80;131987;28396;61.1;16.7;69.1;14.2;92.5;6.1;1.2;0.3;
PER;2012;111836;2201659;1592687;328402;6392;9;80;130240;28254;61.7;16.6;70.3;13.1;93.0;5.6;1.1;0.3;
PER;2013;127231;1879880;1340281;303087;6719;17;79;128696;27239;60.4;16.9;71.2;11.9;93.2;5.5;1.1;0.2;
PER;2014;126798;2019411;1433169;319057;7063;17;79;127048;27164;61.6;17.8;69.6;12.6;93.2;5.5;1.1;0.2;
PER;2015;166121;2062014;1449518;324926;7514;17;80;125456;27560;62.5;22.6;67.2;10.3;93.2;5.5;1.1;0.2;
PER;2016;162083;2015847;1469150;398346;8449;15;80;123770;27148;61.9;18.6;71.2;10.2;93.4;5.4;1.0;0.2;
PER;2017;129837;2521860;1843582;481090;9321;15;80;122421;27344;66.5;19.9;69.6;10.5;93.5;5.3;1.0;0.2;
PER;2018;134062;2810830;2118420;543816;10321;15;80;120880;27704;66.7;23.8;63.8;12.4;93.3;5.5;1.0;0.2;
SFO;2005;343517;4036367;3469180;753885;3700;118;363;259961;59137;58.1;16.4;57.5;26.1;90.0;7.9;1.8;0.3;
SFO;2006;583369;6019854;4998911;1031985;4310;118;363;258397;59080;60.2;15.7;60.5;23.8;88.9;8.9;1.8;0.3;
SFO;2007;869314;6383635;5424376;1167268;5292;118;363;256511;61090;64.2;14.8;64.4;20.8;89.4;8.4;1.8;0.4;
SFO;2008;643259;6484514;5384187;849106;6302;118;363;254220;62289;66.1;13.9;64.2;21.9;89.6;8.4;1.8;0.3;
SFO;2009;561175;5903072;5463261;1252146;7026;118;363;253010;59215;67.9;12.3;65.2;22.5;91.4;7.1;1.4;0.2;
SFO;2010;547301;7136549;6467436;1091654;7749;118;363;250464;55216;62.5;13.1;69.3;17.6;91.7;6.8;1.3;0.2;
SFO;2011;486043;9211748;8028225;1563027;8360;129;363;245616;57184;59.6;15.3;70.3;14.4;91.8;6.7;1.3;0.2;
SFO;2012;571527;9423176;7961612;1595008;8926;129;356;243254;56900;59.6;15.0;68.7;16.3;92.0;6.5;1.3;0.2;
SFO;2013;444421;9718403;8232595;1469494;9252;137;357;240877;59393;59.5;14.4;67.2;18.4;92.0;6.4;1.4;0.2;
SFO;2014;563520;9761317;8270854;1567861;9766;137;357;238061;59694;59.6;15.8;62.2;22.0;92.3;6.2;1.3;0.2;
SFO;2015;720812;10168958;8861929;1742961;10507;137;357;237080;59397;59.2;16.8;61.3;21.9;92.3;6.3;1.2;0.2;
SFO;2016;648398;9409038;8122435;1922652;11230;145;373;234185;60808;57.9;13.8;62.2;24.0;92.3;6.3;1.2;0.2;
SFO;2017;628083;11846251;10582508;2423328;12149;138;317;231563;62300;66.4;13.1;67.0;19.9;92.4;6.2;1.2;0.2;
SFO;2018;719109;12495602;11015031;2309193;13425;138;317;229041;64083;73.3;13.6;74.1;12.3;92.5;6.1;1.2;0.2;
SOF;2005;5822176;52415551;26273788;8782231;5141;-;-;1231622;519624;62.8;43.0;48.7;8.3;86.0;11.3;2.3;0.5;
SOF;2006;7569751;63455677;31433907;10167212;5842;-;-;1237891;569403;67.1;43.4;49.4;7.2;85.1;12.0;2.5;0.5;
SOF;2007;12460288;79708654;42200792;14211025;7069;-;-;1240788;637625;70.9;45.5;48.5;6.0;87.2;10.2;2.2;0.4;
SOF;2008;13462911;96091187;51607808;16796809;9054;-;-;1247059;689319;73.9;46.0;48.7;5.3;88.4;9.3;1.9;0.3;
SOF;2009;9951139;86797640;48309562;15483790;9913;-;-;1249798;716916;73.3;45.6;49.0;5.4;90.5;7.7;1.5;0.3;
SOF;2010;7607931;85736852;44012467;15360015;10547;-;-;1259446;681864;70.6;44.8;50.0;5.3;91.4;7.0;1.4;0.3;
SOF;2011;8482783;92739144;45936214;15958271;11249;-;-;1296615;681915;67.2;42.7;52.0;5.3;91.5;6.9;1.3;0.3;
SOF;2012;7980131;96614400;47587133;16169631;12059;-;-;1302316;674504;66.9;42.9;52.4;4.7;91.9;6.6;1.3;0.2;
SOF;2013;7141450;97006318;48654185;17046864;12851;-;-;1309634;679356;67.5;45.8;50.9;3.3;92.1;6.4;1.2;0.3;
SOF;2014;8186075;103163203;50199774;17757810;13542;-;-;1316557;696588;69.2;48.6;48.3;3.1;92.3;6.2;1.2;0.3;
SOF;2015;7999484;112588741;57014406;20955694;14531;-;-;1319804;707299;71.7;49.6;47.3;3.1;92.4;6.2;1.2;0.2;
SOF;2016;7365956;110133836;55541798;22517348;15658;-;-;1323637;723290;72.5;51.4;45.6;3.0;92.5;6.1;1.2;0.2;
SOF;2017;6800190;120852064;61021153;25244483;17199;-;-;1325429;30749;74.6;50.8;46.2;3.0;92.3;6.3;1.2;0.2;
SOF;2018;7395448;131639633;66958201;27940250;19026;-;-;1328120;751111;75.6;51.4;44.4;4.2;92.5;6.1;1.2;0.2;
KRZ;2005;68095;593103;432268;171861;3255;-;77;158541;32631;50.6;10.2;35.5;54.3;91.4;6.8;1.4;0.5;
KRZ;2006;100015;807114;576826;159501;3515;-;77;157463;32445;50.1;12.6;36.9;50.5;90.4;7.6;1.6;0.4;
KRZ;2007;152472;1006378;775030;208452;4044;-;83;156652;33070;49.3;14.1;40.9;45.0;90.7;7.3;1.5;0.5;
KRZ;2008;165157;1024856;796935;211260;4988;-;83;156008;32143;52.9;13.3;40.7;46.0;90.2;7.9;1.4;0.4;
KRZ;2009;117036;901228;705870;248358;5465;-;83;154719;30766;52.9;11.3;38.8;49.9;91.7;6.8;1.3;0.3;
KRZ;2010;70589;889876;691656;242624;5643;-;83;153571;29259;46.3;10.3;40.1;49.5;92.2;6.4;1.2;0.3;
KRZ;2011;93491;913872;670861;238071;5895;-;83;152009;29410;51.5;8.9;47.0;44.1;91.9;6.4;1.4;0.3;
KRZ;2012;111975;902572;660552;280906;6266;-;95;151340;29757;55.1;11.2;45.0;43.8;92.0;6.3;1.4;0.3;
KRZ;2013;106429;1001818;691400;261226;6842;-;95;150605;29835;59.0;15.6;45.2;39.2;92.1;6.2;1.4;0.3;
KRZ;2014;187602;1196505;900476;328806;7222;-;73;152053;29458;61.1;19.8;42.7;37.5;92.2;6.1;1.5;0.2;
KRZ;2015;201181;1343308;1006742;399311;7648;-;73;151319;30498;58.8;17.2;47.7;35.1;92.1;6.2;1.5;0.2;
KRZ;2016;141206;1347027;1021338;423113;8335;-;73;150837;30599;60.0;15.0;54.7;30.3;92.6;5.7;1.5;0.2;
KRZ;2017;148535;1730611;1160505;446962;9285;-;73;151113;739542;60.5;13.8;53.1;33.1;92.0;6.3;1.5;0.2;
KRZ;2018;200740;1986421;1380140;540412;10419;-;73;152873;31313;58.6;16.8;47.5;35.7;92.2;6.1;1.5;0.2;
PAZ;2005;231423;1955961;1385873;543811;3307;51;59;297781;66532;53.2;11.3;46.5;42.2;88.3;9.3;2.1;0.3;
PAZ;2006;240453;2563803;1910841;811152;3661;51;59;296281;66338;55.4;12.1;51.8;36.1;86.3;10.9;2.5;0.3;
PAZ;2007;321029;3001475;2206626;840282;4352;51;59;294086;67693;62.4;13.9;60.0;26.1;86.8;10.6;2.3;0.3;
PAZ;2008;352712;3370366;2507653;794922;5324;51;59;292534;70517;63.1;15.4;58.4;26.2;87.2;10.3;2.3;0.3;
PAZ;2009;305520;2873677;2012704;767462;5620;51;59;290614;67803;61.5;15.2;59.4;25.4;91.0;7.3;1.5;0.2;
PAZ;2010;263158;3238922;2407192;957686;6087;51;59;287910;61272;57.8;15.2;59.2;25.6;91.8;6.6;1.4;0.2;
PAZ;2011;339604;3415402;2541361;961985;6368;51;59;273803;61892;54.0;16.9;56.1;27.1;91.7;6.8;1.3;0.2;
PAZ;2012;345055;3681988;2802795;1036071;6862;51;59;271721;60231;52.4;16.8;55.2;28.0;92.2;6.3;1.3;0.2;
PAZ;2013;332024;3745071;2826713;966668;7264;51;59;269287;59845;56.0;16.6;57.3;26.1;92.2;6.4;1.2;0.2;
PAZ;2014;405163;3895771;2929848;964628;7650;51;59;266549;60089;59.6;15.3;57.8;26.9;92.3;6.3;1.2;0.2;
PAZ;2015;434903;4057780;3072041;1032204;8006;51;59;263630;61129;59.7;16.8;56.6;26.6;92.1;6.6;1.1;0.2;
PAZ;2016;372040;4130649;3135109;1040598;8721;51;59;260814;61849;60.2;18.8;55.5;25.7;92.4;6.3;1.1;0.2;
PAZ;2017;428992;4458684;3411366;1191711;9468;51;59;257965;61829;64.6;19.1;58.0;22.9;92.4;6.2;1.2;0.2;
PAZ;2018;571407;4855565;3769278;1257829;10513;51;59;255479;62549;63.8;17.8;59.0;23.2;92.5;6.1;1.2;0.2;
PDV;2005;1116818;9603033;5356059;1734401;3409;50;129;707570;196990;54.3;18.7;49.3;32.0;89.8;8.2;1.7;0.3;
PDV;2006;1504473;11600316;6767638;1793089;3689;50;129;706413;206072;56.9;19.3;51.3;29.4;89.4;8.6;1.7;0.3;
PDV;2007;2436840;13598571;8481954;2443785;4311;50;129;705121;216431;62.1;18.5;55.8;25.7;88.6;9.1;2.0;0.3;
PDV;2008;2180272;15989809;9890888;2750854;5390;50;129;704057;222426;63.5;18.9;55.6;25.5;89.4;8.6;1.8;0.2;
PDV;2009;1433740;14901189;9118467;2851666;6054;50;129;701684;218876;60.7;20.6;55.6;23.8;90.9;7.5;1.4;0.2;
PDV;2010;1205169;15662967;9217112;2794159;6462;50;129;696300;208438;59.4;22.5;56.5;21.0;91.5;7.0;1.3;0.2;
PDV;2011;1462458;16940291;10279628;2942361;6889;50;129;680884;207599;58.4;23.6;57.3;19.2;91.5;7.1;1.3;0.2;
PDV;2012;1709472;18691332;11423573;3146844;7418;50;129;678860;205876;60.0;22.6;58.0;19.4;91.7;6.8;1.3;0.2;
PDV;2013;1554370;19385474;11851412;3417547;7922;50;129;678197;203933;61.2;23.4;57.3;19.3;91.8;6.7;1.3;0.2;
PDV;2014;1639346;20070340;12716566;3557383;8504;50;129;675586;207057;62.2;25.1;55.0;19.9;91.9;6.6;1.3;0.2;
PDV;2015;1772948;22201611;14192106;4290340;9084;50;129;673283;208990;62.1;25.4;54.9;19.7;91.9;6.6;1.3;0.2;
PDV;2016;1733934;22982212;14918112;4894410;9911;50;129;671573;214899;62.0;25.2;55.1;19.7;92.0;6.5;1.3;0.2;
PDV;2017;1684281;25343702;16271106;5316826;10771;50;129;669796;220592;70.1;26.7;54.4;18.8;91.9;6.6;1.3;0.2;
PDV;2018;1864372;26607016;17237534;5404046;11780;50;129;668334;221789;69.9;27.0;52.7;20.3;92.1;6.4;1.3;0.2;
SML;2005;113883;707037;532348;198077;3007;-;-;131010;36291;53.3;13.9;50.3;35.8;89.6;8.5;1.7;0.3;
SML;2006;149372;909853;698157;221939;3331;-;-;129731;36821;57.6;16.3;49.6;34.1;89.6;8.5;1.6;0.3;
SML;2007;230923;1055666;835746;262055;4028;-;-;128200;37765;61.9;16.7;54.4;28.9;89.1;9.1;1.6;0.3;
SML;2008;324895;1498625;1313758;376152;5259;-;-;126536;39035;64.9;18.1;52.1;29.8;89.8;8.3;1.7;0.3;
SML;2009;308407;1217933;1000300;337756;5867;-;-;124795;34341;59.7;18.0;50.4;31.5;91.0;7.5;1.3;0.2;
SML;2010;106394;1023606;820869;273293;6134;-;-;122602;31386;53.3;17.2;54.3;28.5;92.2;6.5;1.1;0.2;
SML;2011;130912;1140844;886969;312063;6122;-;-;120456;31490;50.4;16.6;57.5;25.9;92.2;6.6;0.9;0.3;
SML;2012;120781;1259233;1007692;358701;6516;-;-;118751;31302;55.3;18.2;58.3;23.5;92.1;6.7;1.0;0.2;
SML;2013;141179;1345165;1052634;379344;6800;-;-;116218;32216;59.3;20.0;58.0;22.0;92.3;6.4;1.0;0.3;
SML;2014;204252;1467013;1163314;419683;7253;-;-;113984;30952;61.2;21.0;57.0;22.0;92.1;6.6;1.1;0.2;
SML;2015;203648;1637365;1264439;381450;7679;-;-;111601;31145;63.9;21.7;56.5;21.8;91.9;6.8;1.1;0.2;
SML;2016;383865;1684957;1370223;460344;8504;-;-;109425;31232;63.6;23.2;57.9;18.9;92.2;6.4;1.2;0.2;
SML;2017;163755;1827636;1512123;555099;9133;-;-;107282;31771;68.1;23.8;60.7;15.5;91.8;6.7;1.2;0.3;
SML;2018;183232;1929149;1572212;578879;10145;-;-;105421;31476;67.7;22.5;62.3;15.3;91.9;6.7;1.1;0.3;
HKV;2005;155046;1987361;1218820;451447;3050;21;160;266073;59417;56.7;16.8;51.5;31.7;89.0;9.2;1.6;0.1;
HKV;2006;228271;2316632;1428748;416267;3236;21;160;264312;61750;59.1;16.8;54.9;28.3;89.5;8.9;1.4;0.2;
HKV;2007;338447;2650671;1724674;514996;3855;21;160;261726;62821;59.8;16.4;57.9;25.7;89.2;9.2;1.5;0.2;
HKV;2008;377405;3237870;2251718;684196;4922;21;160;259007;63273;63.4;18.0;54.9;27.1;89.8;8.6;1.5;0.1;
HKV;2009;214994;2717975;1781867;532689;5443;21;160;256408;59191;63.7;18.6;54.8;26.6;91.9;6.9;1.2;0.1;
HKV;2010;169555;2648073;1752938;516829;5638;40;155;253127;54571;60.5;19.4;56.3;24.3;92.2;6.6;1.1;0.1;
HKV;2011;192331;3066997;2020098;596218;5999;40;155;243955;54243;54.3;17.1;54.3;28.6;92.6;6.4;1.0;0.1;
HKV;2012;391339;3311817;2224727;618396;6267;40;155;241676;53576;55.0;18.5;56.0;25.5;92.6;6.3;1.0;0.1;
HKV;2013;208511;3470583;2232609;617691;6581;40;155;239312;53372;58.4;20.3;56.8;23.0;93.0;6.0;0.9;0.1;
HKV;2014;321235;3551766;2458607;680569;6947;44;155;237664;52083;61.9;19.3;57.1;23.6;93.2;5.7;1.0;0.1;
HKV;2015;288296;3683965;2568950;771620;7422;93;155;236383;52447;63.1;18.7;58.6;22.6;93.0;5.8;1.1;0.1;
HKV;2016;225640;3688061;2443909;818031;7964;93;155;233415;51841;64.2;17.2;60.0;22.7;93.4;5.6;1.0;0.1;
HKV;2017;254085;3846205;2604912;849511;8537;93;155;231276;52676;64.3;17.3;62.7;20.0;93.4;5.5;1.0;0.1;
HKV;2018;273136;4159594;2874098;905724;9623;91;155;228141;53653;66.0;20.1;58.9;21.0;93.5;5.4;1.0;0.1;
